cr_id,abuse_ct,age_off_comp,civil_ct,complaint_date,corrupt_ct,num_awards,num_coindicated,num_complaints,numwitnesses,operations_ct,substance_ct,time_on_force,discipline,not_operations,injury,administrator,copa_style,search,reform,officer_filed_False,officer_filed_True,officer_filed_Unknown,officer_gender_FEMALE,officer_gender_MALE,officer_race_ASIAN/PACIFIC ISLANDER,officer_race_BLACK,officer_race_HISPANIC,officer_race_NATIVE AMERICAN/ALASKAN NATIVE,officer_race_WHITE
285179,9.0,11617,7.0,2002-10-22,0.0,22.0,5,22.0,0.0,6.0,0.0,2178.0,1,1,0,0,1,0,0,1,0,0,1,0,0,0,0,0,1
290207,2.0,20622,3.0,2003-06-18,0.0,5.0,3,11.0,0.0,6.0,0.0,3334.0,1,0,0,0,0,0,0,0,1,0,0,1,0,1,0,0,0
1008648,11.0,13748,0.0,2007-08-23,0.0,21.0,1,13.0,5.0,2.0,0.0,1578.0,1,1,0,0,1,0,1,1,0,0,0,1,0,1,0,0,0
1003431,6.0,13558,8.0,2007-02-15,4.0,24.0,1,23.0,2.0,5.0,0.0,4832.0,1,1,0,0,0,0,0,0,1,0,0,1,0,1,0,0,0
269035,4.0,9886,11.0,2001-02-07,0.0,160.0,1,17.0,0.0,2.0,0.0,136.0,1,0,1,0,0,0,0,0,1,0,0,1,0,0,0,0,1
306367,13.0,13683,6.0,2005-06-18,0.0,43.0,1,23.0,0.0,4.0,0.0,3938.0,1,1,0,0,1,0,0,0,1,0,0,1,0,0,0,0,1
312002,4.0,14682,5.0,2006-03-29,0.0,52.0,2,12.0,0.0,3.0,0.0,1198.0,1,1,0,0,0,0,0,0,1,0,0,1,0,1,0,0,0
295424,3.0,10618,5.0,2004-01-27,2.0,52.0,2,21.0,0.0,11.0,0.0,1464.0,1,0,0,1,0,0,0,0,1,0,1,0,0,0,0,0,1
293524,9.0,12345,12.0,2003-11-03,2.0,36.0,1,33.0,0.0,9.0,0.0,4309.0,1,0,0,1,0,0,0,1,0,0,0,1,0,0,0,0,1
270197,1.0,15041,3.0,2001-03-29,0.0,25.0,3,9.0,0.0,5.0,0.0,1282.0,1,1,0,0,1,0,0,1,0,0,0,1,0,1,0,0,0
277930,29.0,13905,43.0,2002-01-26,2.0,56.0,3,91.0,0.0,17.0,0.0,2826.0,1,1,0,0,1,0,0,1,0,0,0,1,0,0,0,0,1
1030437,9.0,15607,2.0,2009-09-24,0.0,54.0,3,17.0,2.0,6.0,0.0,6968.0,1,1,0,1,1,0,1,1,0,0,0,1,0,0,0,0,1
278269,7.0,12460,0.0,2002-02-11,1.0,30.0,2,15.0,0.0,7.0,0.0,1400.0,1,0,0,0,0,0,0,0,1,0,0,1,0,1,0,0,0
1068482,7.0,12881,5.0,2014-04-08,0.0,159.0,1,14.0,3.0,2.0,0.0,2171.0,1,0,0,0,0,0,1,0,1,0,0,1,0,0,0,0,1
301988,0.0,13102,0.0,2004-11-15,0.0,13.0,2,2.0,0.0,2.0,0.0,630.0,1,0,0,0,0,0,0,0,1,0,0,1,0,0,0,0,1
291005,5.0,11510,10.0,2003-07-22,2.0,91.0,1,22.0,0.0,5.0,0.0,3140.0,1,0,1,0,0,0,0,0,1,0,0,1,0,1,0,0,0
1059514,5.0,17179,0.0,2013-01-14,0.0,41.0,1,9.0,2.0,4.0,0.0,6971.0,1,0,0,0,0,0,1,0,1,0,0,1,0,0,0,0,1
301471,7.0,14538,0.0,2004-10-22,4.0,5.0,1,30.0,0.0,19.0,0.0,6646.0,1,0,0,0,0,0,0,0,1,0,0,1,0,0,0,0,1
1077149,4.0,17423,5.0,2015-09-14,2.0,100.0,1,16.0,5.0,4.0,0.0,6706.0,1,1,0,0,0,0,1,0,1,0,0,1,0,0,1,0,0
1012986,7.0,13877,5.0,2007-12-30,3.0,42.0,3,24.0,6.0,7.0,1.0,4926.0,1,0,0,1,0,0,1,1,0,0,0,1,0,0,0,0,1
1068432,10.0,15801,2.0,2014-04-06,8.0,48.0,1,34.0,5.0,14.0,0.0,5256.0,1,1,0,0,1,0,1,1,0,0,0,1,1,0,0,0,0
278254,4.0,17572,1.0,2002-02-10,4.0,3.0,1,24.0,0.0,15.0,0.0,5599.0,1,0,0,0,0,0,0,0,1,0,1,0,0,0,1,0,0
270700,10.0,18735,1.0,2001-04-18,0.0,6.0,1,16.0,0.0,5.0,0.0,10257.0,1,1,1,0,1,0,0,0,1,0,0,1,0,0,0,0,1
1043571,10.0,16108,9.0,2011-02-25,5.0,15.0,1,63.0,2.0,39.0,0.0,7341.0,1,0,0,1,0,0,1,0,1,0,1,0,0,1,0,0,0
279391,9.0,15793,9.0,2002-03-29,1.0,51.0,2,27.0,0.0,8.0,0.0,3770.0,1,1,0,0,0,0,0,1,0,0,0,1,0,1,0,0,0
275898,35.0,15277,9.0,2001-10-30,4.0,7.0,3,56.0,0.0,8.0,0.0,5586.0,1,1,1,0,1,0,0,1,0,0,0,1,0,1,0,0,0
306623,2.0,18442,5.0,2005-06-29,2.0,5.0,1,17.0,0.0,8.0,0.0,4237.0,1,0,0,0,0,0,0,0,1,0,1,0,0,1,0,0,0
1033369,8.0,11693,1.0,2010-01-22,1.0,32.0,1,13.0,2.0,3.0,0.0,2326.0,1,1,0,0,1,0,1,0,1,0,1,0,0,1,0,0,0
291366,1.0,10808,1.0,2003-08-05,0.0,14.0,4,8.0,0.0,6.0,0.0,1058.0,1,0,0,0,0,0,0,1,0,0,1,0,0,1,0,0,0
269507,2.0,18685,0.0,2001-02-28,6.0,5.0,6,12.0,0.0,4.0,0.0,9990.0,1,1,1,0,1,0,0,0,1,0,0,1,0,0,0,0,1
282852,0.0,8977,0.0,2002-07-31,0.0,41.0,1,3.0,0.0,3.0,0.0,541.0,1,1,0,0,0,0,0,0,1,0,1,0,0,1,0,0,0
294870,14.0,16802,5.0,2004-01-02,0.0,23.0,2,34.0,0.0,15.0,0.0,5030.0,1,1,1,0,1,0,0,0,1,0,0,1,0,1,0,0,0
305149,2.0,11788,1.0,2005-04-26,1.0,21.0,1,5.0,0.0,1.0,0.0,2163.0,1,1,0,0,1,0,0,1,0,0,0,1,0,1,0,0,0
1071952,4.0,16489,1.0,2014-10-10,0.0,27.0,2,11.0,5.0,5.0,0.0,5987.0,1,1,1,0,1,0,1,0,1,0,0,1,0,0,0,0,1
297496,0.0,14361,2.0,2004-04-27,0.0,78.0,6,8.0,0.0,5.0,0.0,575.0,1,1,0,0,0,0,0,0,1,0,0,1,0,0,0,0,1
298553,4.0,10022,6.0,2004-06-10,0.0,42.0,4,11.0,0.0,1.0,0.0,1270.0,1,1,0,0,0,0,0,0,1,0,0,1,0,0,0,0,1
294004,15.0,13109,23.0,2003-11-22,3.0,133.0,2,50.0,0.0,7.0,0.0,271.0,1,0,0,1,0,0,0,0,1,0,0,1,0,0,0,0,1
293196,6.0,17826,4.0,2003-10-22,6.0,106.0,2,26.0,0.0,9.0,0.0,876.0,1,0,0,0,0,0,0,0,1,0,0,1,0,1,0,0,0
300636,3.0,13403,0.0,2004-09-11,2.0,48.0,1,14.0,0.0,8.0,1.0,3505.0,1,1,1,1,0,0,0,0,1,0,0,1,0,0,1,0,0
271208,5.0,19119,3.0,2001-05-08,2.0,12.0,4,13.0,0.0,3.0,0.0,11193.0,1,1,0,1,1,0,0,0,1,0,0,1,0,0,0,0,1
1071280,6.0,13390,18.0,2014-08-31,0.0,72.0,1,37.0,2.0,11.0,1.0,4569.0,1,0,0,0,0,0,1,0,1,0,0,1,0,0,0,0,1
305631,2.0,11091,3.0,2005-05-16,2.0,29.0,2,15.0,0.0,7.0,0.0,2028.0,1,1,0,0,1,1,0,1,0,0,0,1,0,0,1,0,0
296640,18.0,16514,8.0,2004-03-20,6.0,26.0,3,47.0,0.0,13.0,2.0,6955.0,1,1,0,0,0,0,0,1,0,0,0,1,0,0,1,0,0
1002011,14.0,12401,8.0,2006-12-15,0.0,61.0,7,27.0,13.0,5.0,0.0,3125.0,1,1,0,1,1,0,0,1,0,0,0,1,0,0,0,0,1
1039190,25.0,16667,12.0,2010-08-23,2.0,27.0,1,59.0,2.0,20.0,0.0,7452.0,1,0,0,1,0,0,1,0,1,0,0,1,0,0,1,0,0
276049,14.0,14918,4.0,2001-11-05,2.0,28.0,64,34.0,0.0,13.0,0.0,2163.0,1,1,0,0,0,0,0,0,1,0,0,1,0,1,0,0,0
279626,0.0,22377,6.0,2002-04-08,1.0,1.0,1,14.0,0.0,6.0,0.0,8106.0,1,1,0,0,0,0,0,0,1,0,0,1,0,1,0,0,0
315047,2.0,15136,1.0,2006-08-22,0.0,13.0,1,8.0,0.0,5.0,0.0,1777.0,1,1,0,1,0,0,0,0,1,0,0,1,0,0,0,0,1
281735,0.0,13686,0.0,2002-06-22,0.0,9.0,1,19.0,0.0,19.0,0.0,1559.0,1,0,0,0,0,0,0,0,1,0,0,1,0,0,0,0,1
1023357,0.0,14633,1.0,2009-01-24,0.0,32.0,14,6.0,25.0,5.0,0.0,943.0,1,0,0,0,0,0,1,1,0,0,1,0,0,0,0,0,1
290623,9.0,19178,3.0,2003-07-05,0.0,22.0,3,25.0,0.0,13.0,0.0,705.0,1,0,0,0,0,0,0,0,1,0,0,1,0,1,0,0,0
280402,15.0,12909,20.0,2002-05-07,2.0,14.0,7,43.0,0.0,6.0,0.0,2799.0,1,0,0,1,1,0,0,0,1,0,0,1,0,1,0,0,0
1040551,2.0,10510,9.0,2010-10-12,0.0,86.0,7,18.0,4.0,6.0,0.0,1414.0,1,1,0,0,1,0,1,1,0,0,0,1,0,0,0,0,1
268755,4.0,12075,2.0,2001-01-25,0.0,22.0,1,7.0,0.0,1.0,0.0,2618.0,1,1,1,0,1,0,0,0,1,0,0,1,0,0,0,0,1
1028193,7.0,18092,0.0,2009-07-14,2.0,64.0,49,17.0,12.0,5.0,0.0,6063.0,1,1,1,1,1,0,1,0,1,0,0,1,0,0,0,0,1
1052695,14.0,14296,23.0,2012-03-20,2.0,118.0,1,48.0,3.0,7.0,0.0,4880.0,1,0,0,1,0,0,1,0,1,0,0,1,0,0,0,0,1
1006493,20.0,19507,15.0,2007-06-13,6.0,7.0,1,56.0,3.0,13.0,1.0,7065.0,1,0,0,0,0,0,0,0,1,0,0,1,0,1,0,0,0
279657,0.0,14338,2.0,2002-04-09,0.0,7.0,1,5.0,0.0,3.0,0.0,1949.0,1,0,0,0,0,0,0,0,1,0,1,0,0,1,0,0,0
279550,9.0,11409,0.0,2002-04-05,0.0,23.0,1,11.0,0.0,2.0,0.0,1970.0,1,0,0,1,0,0,0,0,1,0,0,1,0,0,0,0,1
276049,4.0,11631,0.0,2001-11-05,7.0,22.0,64,15.0,0.0,4.0,0.0,1827.0,1,1,0,0,0,0,0,0,1,0,1,0,0,1,0,0,0
1025191,2.0,19083,4.0,2009-04-01,0.0,19.0,2,14.0,6.0,8.0,0.0,5609.0,1,1,0,0,0,0,1,0,1,0,0,1,0,0,1,0,0
1008353,5.0,11181,1.0,2007-08-13,0.0,53.0,2,9.0,2.0,3.0,0.0,1050.0,1,0,0,0,0,0,1,0,1,0,0,1,0,1,0,0,0
1028193,5.0,13343,5.0,2009-07-14,0.0,44.0,49,12.0,12.0,0.0,0.0,3130.0,1,1,1,0,1,0,1,0,1,0,0,1,0,0,1,0,0
1074825,19.0,20566,11.0,2015-04-23,0.0,54.0,3,44.0,3.0,11.0,0.0,8333.0,1,1,0,1,1,0,1,1,0,0,0,1,0,1,0,0,0
284056,5.0,11088,3.0,2002-09-11,1.0,9.0,1,20.0,0.0,11.0,0.0,2133.0,1,1,0,0,0,0,0,0,1,0,0,1,0,1,0,0,0
1023617,0.0,11722,4.0,2009-02-04,1.0,46.0,8,9.0,4.0,4.0,0.0,2921.0,1,1,0,0,1,1,1,1,0,0,0,1,0,1,0,0,0
298076,27.0,14749,7.0,2004-05-20,8.0,30.0,4,67.0,0.0,24.0,0.0,4774.0,1,1,0,0,1,0,0,1,0,0,0,1,0,0,0,0,1
270742,5.0,16546,0.0,2001-04-20,1.0,23.0,1,14.0,0.0,8.0,0.0,4043.0,1,1,0,0,1,0,0,1,0,0,0,1,0,0,0,0,1
309646,1.0,20401,1.0,2005-11-14,4.0,3.0,3,13.0,0.0,7.0,0.0,8941.0,1,0,0,1,0,0,0,0,1,0,0,1,0,1,0,0,0
1009341,0.0,15233,0.0,2007-09-16,0.0,25.0,1,1.0,5.0,1.0,0.0,5781.0,1,0,0,0,0,0,1,0,1,0,1,0,0,1,0,0,0
280273,6.0,18748,1.0,2002-05-01,5.0,2.0,1,19.0,0.0,7.0,0.0,7093.0,1,1,1,1,1,0,0,1,0,0,1,0,0,0,0,0,1
1034550,9.0,17952,2.0,2010-03-12,5.0,23.0,1,20.0,2.0,4.0,0.0,5379.0,1,0,0,0,0,0,1,0,1,0,1,0,0,0,1,0,0
273674,8.0,10412,1.0,2001-08-06,2.0,37.0,1,18.0,0.0,6.0,0.0,2040.0,1,1,0,0,1,0,0,1,0,0,0,1,0,0,0,0,1
313105,3.0,15846,0.0,2006-05-21,1.0,19.0,1,8.0,0.0,4.0,0.0,1791.0,1,1,0,0,0,0,0,0,1,0,0,1,0,0,0,0,1
278624,6.0,20509,0.0,2002-02-25,0.0,6.0,1,13.0,0.0,7.0,0.0,7119.0,1,0,0,0,0,0,0,0,1,0,0,1,0,0,1,0,0
310776,11.0,14988,0.0,2006-01-22,1.0,32.0,1,17.0,0.0,4.0,0.0,3358.0,1,1,0,0,1,0,0,0,1,0,0,1,0,0,0,0,1
1006078,6.0,15853,2.0,2007-05-28,2.0,18.0,1,36.0,1.0,26.0,0.0,6118.0,1,0,0,0,0,0,0,0,1,0,1,0,0,1,0,0,0
272135,3.0,14772,2.0,2001-06-13,0.0,14.0,1,19.0,0.0,14.0,0.0,4936.0,1,0,0,0,0,0,0,1,0,0,0,1,0,0,0,0,1
1033714,0.0,15378,0.0,2010-02-07,0.0,36.0,4,5.0,17.0,3.0,0.0,1931.0,1,1,0,0,1,0,1,1,0,0,0,1,0,0,1,0,0
283536,10.0,12653,8.0,2002-08-23,0.0,39.0,3,26.0,0.0,8.0,0.0,3385.0,1,1,0,0,0,0,0,0,1,0,0,1,0,0,0,0,1
309814,6.0,9458,20.0,2005-11-23,0.0,140.0,4,31.0,0.0,5.0,0.0,422.0,1,1,0,0,0,0,0,0,1,0,0,1,0,0,0,0,1
1019679,0.0,10839,1.0,2008-09-04,0.0,33.0,2,1.0,6.0,0.0,0.0,675.0,1,1,0,0,0,0,1,0,1,0,0,1,0,0,0,0,1
1047148,22.0,17003,2.0,2011-07-22,2.0,31.0,2,36.0,10.0,10.0,0.0,5799.0,1,0,0,0,0,0,1,0,1,0,0,1,0,1,0,0,0
1067387,10.0,12821,5.0,2014-02-07,0.0,100.0,1,26.0,1.0,11.0,0.0,3392.0,1,0,0,0,0,0,1,0,1,0,1,0,0,0,0,0,1
285448,5.0,16369,3.0,2002-11-01,4.0,7.0,3,17.0,0.0,4.0,1.0,6158.0,1,0,0,1,0,0,0,0,1,0,1,0,0,0,0,0,1
1021127,4.0,15638,2.0,2008-10-25,0.0,19.0,1,15.0,0.0,8.0,0.0,2217.0,1,0,0,0,0,0,1,1,0,0,1,0,0,1,0,0,0
1027628,0.0,10037,0.0,2009-06-25,0.0,6.0,1,1.0,2.0,0.0,1.0,332.0,1,1,1,0,0,0,1,0,1,0,0,1,0,0,0,0,1
311649,0.0,18332,0.0,2006-03-11,0.0,2.0,1,1.0,0.0,1.0,0.0,6977.0,1,0,0,0,0,0,0,0,1,0,0,1,0,0,1,0,0
276817,9.0,15314,0.0,2001-12-05,0.0,5.0,1,15.0,0.0,6.0,0.0,5497.0,1,0,0,0,0,0,0,1,0,0,0,1,0,0,1,0,0
1016278,1.0,13274,0.0,2008-05-05,1.0,18.0,1,7.0,2.0,4.0,0.0,1624.0,1,0,0,0,0,0,1,0,1,0,0,1,0,1,0,0,0
278809,6.0,13213,2.0,2002-03-06,1.0,49.0,1,20.0,0.0,9.0,1.0,1283.0,1,1,0,1,1,0,0,1,0,0,0,1,0,0,0,0,1
1050302,7.0,17092,9.0,2011-11-28,1.0,17.0,1,24.0,1.0,7.0,0.0,7567.0,1,0,0,0,0,0,1,0,1,0,0,1,0,1,0,0,0
304711,3.0,10592,8.0,2005-04-08,1.0,26.0,3,22.0,0.0,9.0,0.0,1702.0,1,1,0,0,0,0,0,0,1,0,0,1,0,0,1,0,0
280380,10.0,18388,2.0,2002-05-06,1.0,1.0,1,23.0,0.0,9.0,1.0,7098.0,1,0,0,0,0,0,0,1,0,0,0,1,0,1,0,0,0
1006034,1.0,19867,0.0,2007-05-25,2.0,1.0,1,6.0,7.0,1.0,2.0,9216.0,1,1,1,0,0,0,0,0,1,0,0,1,0,1,0,0,0
282262,0.0,21008,0.0,2002-07-11,0.0,3.0,1,1.0,0.0,1.0,0.0,10823.0,1,0,0,1,0,0,0,0,1,0,0,1,0,0,0,0,1
301360,8.0,18187,2.0,2004-10-17,3.0,43.0,3,26.0,0.0,12.0,0.0,2904.0,1,0,0,0,0,0,0,1,0,0,0,1,0,0,0,0,1
1000209,3.0,14885,1.0,2006-10-04,2.0,25.0,2,12.0,11.0,6.0,0.0,3347.0,1,1,0,0,1,0,0,0,1,0,1,0,0,0,0,0,1
1068075,31.0,16509,15.0,2014-03-19,11.0,74.0,1,82.0,2.0,25.0,0.0,7228.0,1,0,0,1,0,0,1,0,1,0,0,1,0,1,0,0,0
315435,10.0,17781,8.0,2006-09-11,0.0,33.0,2,23.0,0.0,5.0,0.0,3292.0,1,1,0,0,1,1,0,1,0,0,0,1,0,0,0,0,1
1003601,3.0,11009,6.0,2007-02-22,0.0,39.0,2,24.0,0.0,14.0,1.0,1459.0,1,0,0,0,0,0,0,1,0,0,0,1,0,1,0,0,0
284380,6.0,21814,0.0,2002-09-22,5.0,1.0,1,16.0,0.0,5.0,0.0,9393.0,1,1,1,0,1,0,0,0,1,0,0,1,0,1,0,0,0
301621,4.0,19294,0.0,2004-10-28,0.0,6.0,1,9.0,0.0,5.0,0.0,9740.0,1,1,0,0,1,0,0,0,1,0,0,1,0,0,0,0,1
297517,2.0,15455,0.0,2004-04-27,0.0,25.0,1,11.0,0.0,9.0,0.0,3400.0,1,0,0,0,0,0,0,1,0,0,1,0,0,0,1,0,0
287609,14.0,15314,3.0,2003-02-14,2.0,9.0,2,39.0,0.0,19.0,0.0,5828.0,1,0,0,0,0,0,0,1,0,0,0,1,0,1,0,0,0
1067329,11.0,13548,6.0,2014-02-04,0.0,177.0,1,19.0,2.0,2.0,0.0,4299.0,1,0,0,0,0,0,1,0,1,0,0,1,0,0,1,0,0
282080,5.0,12238,0.0,2002-07-05,0.0,18.0,1,16.0,0.0,10.0,0.0,2251.0,1,1,1,0,1,0,0,1,0,0,0,1,0,1,0,0,0
292631,17.0,17434,11.0,2003-09-25,4.0,44.0,1,38.0,0.0,4.0,0.0,3306.0,1,0,0,0,0,0,0,0,1,0,0,1,0,1,0,0,0
280558,5.0,16203,3.0,2002-05-13,11.0,28.0,1,35.0,0.0,15.0,0.0,4521.0,1,0,0,0,0,0,0,0,1,0,0,1,0,1,0,0,0
290174,0.0,14046,1.0,2003-06-17,0.0,21.0,6,2.0,0.0,1.0,0.0,1331.0,1,0,0,0,0,0,0,0,1,0,1,0,0,1,0,0,0
304711,4.0,10958,12.0,2005-04-08,1.0,158.0,3,20.0,0.0,1.0,0.0,1282.0,1,1,0,0,0,0,0,0,1,0,0,1,0,0,0,0,1
293111,2.0,18551,10.0,2003-10-17,4.0,20.0,4,21.0,0.0,4.0,0.0,3391.0,1,0,0,0,0,0,0,0,1,0,0,1,0,1,0,0,0
279489,2.0,19815,0.0,2002-04-03,1.0,3.0,2,9.0,0.0,6.0,0.0,9521.0,1,0,0,0,0,0,0,0,1,0,0,1,0,1,0,0,0
298119,8.0,16212,3.0,2004-05-22,0.0,30.0,3,24.0,0.0,13.0,0.0,3608.0,1,0,0,1,0,0,0,0,1,0,0,1,0,0,0,0,1
304781,22.0,15382,21.0,2005-04-12,4.0,49.0,6,56.0,0.0,8.0,0.0,6759.0,1,1,0,1,0,0,0,0,1,0,0,1,0,0,1,0,0
1044141,3.0,12498,7.0,2011-03-22,0.0,130.0,3,13.0,3.0,3.0,0.0,3928.0,1,0,0,0,0,0,1,0,1,0,0,1,0,0,0,0,1
312881,7.0,16198,0.0,2006-05-10,0.0,7.0,22,13.0,0.0,6.0,0.0,3808.0,1,0,0,1,0,0,0,0,1,0,1,0,0,0,0,0,1
299671,6.0,14821,2.0,2004-07-30,2.0,18.0,1,36.0,0.0,26.0,0.0,5086.0,1,1,0,0,0,0,0,0,1,0,1,0,0,1,0,0,0
269039,1.0,19395,23.0,2001-02-07,1.0,4.0,1,31.0,0.0,6.0,0.0,5531.0,1,1,0,0,0,0,0,0,1,0,0,1,0,1,0,0,0
1055801,1.0,11162,4.0,2012-07-24,0.0,121.0,2,9.0,1.0,3.0,0.0,2045.0,1,0,0,0,0,0,1,0,1,0,0,1,0,0,1,0,0
1077092,9.0,13381,9.0,2015-09-10,1.0,91.0,2,25.0,5.0,4.0,0.0,4316.0,1,1,0,0,0,0,1,1,0,0,0,1,0,0,0,0,1
1072394,2.0,16006,1.0,2014-11-04,3.0,100.0,1,8.0,1.0,2.0,0.0,4964.0,1,1,0,1,0,0,1,0,1,0,0,1,0,0,0,0,1
304375,1.0,12197,0.0,2005-03-23,2.0,12.0,1,13.0,0.0,10.0,0.0,604.0,1,0,0,0,0,0,0,0,1,0,0,1,0,1,0,0,0
1032061,6.0,16032,2.0,2009-11-23,1.0,14.0,1,24.0,3.0,15.0,0.0,5684.0,1,0,0,0,0,0,1,0,1,0,0,1,0,1,0,0,0
301043,18.0,14152,15.0,2004-10-01,7.0,1.0,1,46.0,0.0,6.0,0.0,3650.0,1,0,0,0,0,0,0,0,1,0,0,1,0,0,0,0,1
1013497,11.0,13894,0.0,2008-01-18,0.0,21.0,1,13.0,2.0,2.0,0.0,1724.0,1,0,0,0,0,0,1,0,1,0,0,1,0,1,0,0,0
1073509,14.0,18651,6.0,2015-01-24,0.0,19.0,6,31.0,1.0,10.0,0.0,7292.0,1,1,0,0,0,0,1,0,1,0,0,1,0,1,0,0,0
1037726,5.0,10039,3.0,2010-07-02,1.0,57.0,1,14.0,2.0,4.0,0.0,1063.0,1,0,0,1,0,0,1,0,1,0,0,1,0,0,1,0,0
295701,5.0,9168,4.0,2004-02-07,2.0,68.0,1,20.0,0.0,9.0,0.0,831.0,1,1,0,0,0,0,0,0,1,0,0,1,0,0,0,0,1
302111,19.0,14569,1.0,2004-11-21,3.0,5.0,1,33.0,0.0,10.0,0.0,5354.0,1,1,0,0,1,0,0,0,1,0,0,1,0,0,1,0,0
292814,0.0,11083,1.0,2003-10-03,0.0,52.0,1,5.0,0.0,4.0,0.0,708.0,1,1,0,0,0,0,0,1,0,0,0,1,0,0,0,0,1
1064569,11.0,14849,12.0,2013-08-29,0.0,106.0,2,25.0,2.0,2.0,0.0,3775.0,1,1,1,0,1,0,1,1,0,0,0,1,0,0,1,0,0
1028330,15.0,15174,23.0,2009-07-18,3.0,133.0,1,50.0,5.0,7.0,0.0,2336.0,1,1,0,1,0,0,1,0,1,0,0,1,0,0,0,0,1
293617,10.0,11631,2.0,2003-11-06,5.0,46.0,1,27.0,0.0,10.0,0.0,2424.0,1,0,0,1,0,0,0,0,1,0,1,0,0,0,0,0,1
1063633,5.0,20286,3.0,2013-07-17,3.0,15.0,1,19.0,2.0,7.0,1.0,11188.0,1,1,0,1,0,0,1,0,1,0,0,1,0,1,0,0,0
1003872,6.0,20150,1.0,2007-03-06,4.0,2.0,2,18.0,4.0,7.0,0.0,6276.0,1,0,0,0,0,0,0,0,1,0,0,1,0,1,0,0,0
307786,10.0,11550,20.0,2005-08-16,0.0,102.0,14,38.0,0.0,6.0,0.0,2143.0,1,1,0,0,1,0,0,1,0,0,0,1,0,0,0,0,1
286166,5.0,18589,1.0,2002-12-04,0.0,20.0,1,14.0,0.0,7.0,0.0,8090.0,1,1,0,0,0,0,0,1,0,0,0,1,0,0,0,0,1
1006950,5.0,19534,2.0,2007-06-26,1.0,16.0,2,16.0,1.0,7.0,0.0,4557.0,1,0,0,0,0,0,0,0,1,0,0,1,0,1,0,0,0
1059069,2.0,20439,1.0,2012-12-17,0.0,19.0,2,7.0,3.0,4.0,0.0,10115.0,1,0,0,0,0,0,1,1,0,0,1,0,0,0,0,0,1
1067276,4.0,17927,1.0,2014-01-31,0.0,4.0,2,17.0,8.0,12.0,0.0,8712.0,1,0,0,1,0,0,1,0,1,0,1,0,0,1,0,0,0
289903,7.0,14674,8.0,2003-06-04,1.0,28.0,3,19.0,0.0,3.0,0.0,3580.0,1,0,0,1,1,0,0,0,1,0,0,1,0,0,1,0,0
293396,3.0,13450,3.0,2003-10-29,1.0,12.0,2,11.0,0.0,4.0,0.0,1374.0,1,0,0,0,0,0,0,0,1,0,0,1,0,1,0,0,0
1032901,16.0,16437,8.0,2010-01-03,1.0,159.0,2,30.0,7.0,4.0,0.0,1587.0,1,0,0,0,0,0,1,1,0,0,0,1,0,0,1,0,0
288356,28.0,16881,13.0,2003-03-22,6.0,14.0,2,64.0,0.0,16.0,0.0,4406.0,1,0,0,0,0,0,0,0,1,0,0,1,0,1,0,0,0
1004413,6.0,15422,9.0,2007-03-27,1.0,43.0,2,23.0,5.0,5.0,0.0,5381.0,1,0,0,1,0,0,0,0,1,0,0,1,0,1,0,0,0
1046688,11.0,18082,2.0,2011-07-05,0.0,33.0,1,19.0,1.0,6.0,0.0,9122.0,1,0,0,0,0,0,1,0,1,0,0,1,0,1,0,0,0
1047984,0.0,15576,1.0,2011-08-25,0.0,29.0,3,7.0,5.0,6.0,0.0,4273.0,1,0,0,0,0,0,1,1,0,0,0,1,0,1,0,0,0
313335,5.0,15493,3.0,2006-06-02,0.0,14.0,1,29.0,0.0,18.0,0.0,1012.0,1,0,0,0,0,0,0,1,0,0,0,1,0,1,0,0,0
279497,1.0,10684,2.0,2002-04-03,1.0,42.0,3,7.0,0.0,3.0,0.0,373.0,1,0,0,0,0,0,0,0,1,0,0,1,0,1,0,0,0
1007839,0.0,9700,5.0,2007-07-24,0.0,78.0,2,8.0,3.0,3.0,0.0,218.0,1,0,0,0,0,0,1,0,1,0,1,0,0,0,1,0,0
286953,2.0,9506,3.0,2003-01-11,0.0,22.0,7,7.0,0.0,2.0,0.0,565.0,1,0,0,1,0,0,0,1,0,0,1,0,0,0,0,0,1
305262,2.0,15096,1.0,2005-05-01,1.0,24.0,1,12.0,0.0,8.0,0.0,1280.0,1,1,0,0,1,0,0,1,0,0,1,0,0,1,0,0,0
1075542,8.0,12559,6.0,2015-06-08,1.0,129.0,1,24.0,8.0,9.0,0.0,3861.0,1,0,0,0,0,0,1,0,1,0,0,1,0,0,0,0,1
277746,35.0,16819,25.0,2002-01-18,2.0,27.0,1,80.0,0.0,12.0,0.0,5639.0,1,0,0,1,0,0,0,0,1,0,0,1,0,0,0,0,1
315633,3.0,10854,4.0,2006-09-20,0.0,56.0,2,9.0,0.0,2.0,0.0,723.0,1,1,0,0,0,0,0,0,1,0,0,1,0,1,0,0,0
273703,8.0,18115,3.0,2001-08-06,1.0,18.0,1,22.0,0.0,10.0,0.0,2162.0,1,1,1,0,1,0,0,1,0,0,0,1,0,1,0,0,0
294999,17.0,14982,7.0,2004-01-08,1.0,61.0,1,31.0,0.0,6.0,0.0,3104.0,1,0,0,1,0,0,0,0,1,0,0,1,0,1,0,0,0
276049,5.0,12362,3.0,2001-11-05,1.0,8.0,64,10.0,0.0,1.0,0.0,1162.0,1,1,0,0,0,0,0,0,1,0,0,1,0,1,0,0,0
1070537,14.0,16255,5.0,2014-07-23,5.0,54.0,1,30.0,2.0,5.0,1.0,7529.0,1,0,0,1,0,0,1,0,1,0,0,1,0,0,0,0,1
285917,4.0,15665,2.0,2002-11-22,0.0,1.0,4,16.0,0.0,10.0,0.0,2544.0,1,1,0,0,0,0,0,0,1,0,1,0,0,1,0,0,0
1028193,8.0,11517,2.0,2009-07-14,0.0,49.0,49,21.0,12.0,9.0,0.0,2416.0,1,1,1,0,1,0,1,0,1,0,0,1,0,0,0,0,1
1075510,1.0,20610,1.0,2015-06-06,1.0,21.0,1,11.0,2.0,8.0,0.0,5283.0,1,1,0,0,0,0,1,0,1,0,0,1,0,1,0,0,0
287222,23.0,14269,27.0,2003-01-25,3.0,53.0,3,63.0,0.0,9.0,0.0,4534.0,1,1,0,0,0,0,0,0,1,0,0,1,0,1,0,0,0
1018900,4.0,14761,6.0,2008-08-08,2.0,21.0,1,22.0,2.0,9.0,1.0,6011.0,1,0,0,1,0,0,1,0,1,0,0,1,0,0,0,0,1
1027827,3.0,13457,4.0,2009-07-01,3.0,30.0,2,15.0,2.0,5.0,0.0,2689.0,1,1,0,0,1,0,1,0,1,0,0,1,0,0,0,0,1
1063472,0.0,15533,0.0,2013-07-12,1.0,20.0,1,4.0,2.0,2.0,0.0,4365.0,1,1,0,0,0,0,1,0,1,0,0,1,0,1,0,0,0
1004144,8.0,16144,4.0,2007-03-16,1.0,33.0,1,16.0,2.0,3.0,0.0,3013.0,1,1,0,0,0,0,0,0,1,0,0,1,0,1,0,0,0
310277,7.0,16793,3.0,2005-12-23,0.0,17.0,1,15.0,0.0,5.0,0.0,1900.0,1,1,0,0,1,0,0,0,1,0,0,1,0,1,0,0,0
1044128,5.0,15418,10.0,2011-03-21,0.0,46.0,2,18.0,11.0,2.0,0.0,3476.0,1,0,0,0,0,0,1,1,0,0,0,1,0,0,1,0,0
1041821,9.0,16040,8.0,2010-12-01,0.0,45.0,1,21.0,2.0,3.0,0.0,7133.0,1,0,0,1,0,0,1,0,1,0,0,1,0,0,0,0,1
287649,2.0,19404,1.0,2003-02-17,0.0,11.0,1,11.0,0.0,8.0,0.0,3884.0,1,0,0,0,0,0,0,0,1,0,0,1,0,0,0,0,1
268772,2.0,20114,2.0,2001-01-26,2.0,0.0,1,17.0,0.0,11.0,0.0,5149.0,1,1,0,0,0,0,0,1,0,0,0,1,0,1,0,0,0
1050444,4.0,16407,2.0,2011-12-03,3.0,15.0,1,16.0,2.0,6.0,1.0,6935.0,1,1,0,1,0,0,1,0,1,0,1,0,0,0,0,0,1
295483,38.0,13460,3.0,2004-01-30,8.0,19.0,1,60.0,0.0,11.0,0.0,4581.0,1,1,0,0,0,0,0,0,1,0,0,1,0,1,0,0,0
284792,5.0,18907,2.0,2002-10-07,0.0,1.0,1,8.0,0.0,0.0,0.0,10006.0,1,1,0,0,1,0,0,0,1,0,0,1,0,0,0,0,1
278335,3.0,10635,8.0,2002-02-13,0.0,13.0,1,16.0,0.0,5.0,0.0,1262.0,1,0,0,0,0,0,0,0,1,0,1,0,0,0,0,0,1
268859,4.0,12083,1.0,2001-01-30,2.0,6.0,1,18.0,0.0,11.0,0.0,3316.0,1,0,0,0,0,0,0,0,1,0,0,1,0,1,0,0,0
298874,1.0,9672,0.0,2004-06-25,0.0,69.0,4,8.0,0.0,7.0,0.0,1285.0,1,0,0,1,0,0,0,0,1,0,0,1,0,0,1,0,0
308623,3.0,15964,0.0,2005-09-22,1.0,26.0,1,5.0,0.0,1.0,0.0,1509.0,1,1,0,0,1,0,0,1,0,0,0,1,0,1,0,0,0
1013160,0.0,9495,1.0,2008-01-06,0.0,36.0,4,3.0,1.0,2.0,0.0,644.0,1,1,0,0,0,0,1,1,0,0,1,0,0,0,0,0,1
277210,8.0,14233,11.0,2001-12-22,1.0,18.0,1,35.0,0.0,14.0,0.0,2635.0,1,0,0,0,0,0,0,0,1,0,0,1,0,0,0,0,1
278493,3.0,15756,1.0,2002-02-20,1.0,7.0,1,15.0,0.0,10.0,0.0,4349.0,1,0,0,0,0,0,0,0,1,0,1,0,0,1,0,0,0
282441,6.0,19920,1.0,2002-07-16,0.0,6.0,2,37.0,0.0,30.0,0.0,7092.0,1,0,0,1,0,0,0,0,1,0,1,0,0,0,0,0,1
277393,34.0,12785,15.0,2002-01-03,0.0,16.0,2,56.0,0.0,6.0,0.0,2556.0,1,1,0,0,1,0,0,1,0,0,0,1,0,0,0,0,1
276049,19.0,16014,9.0,2001-11-05,10.0,36.0,64,53.0,0.0,15.0,0.0,5355.0,1,1,0,0,0,0,0,0,1,0,0,1,0,0,1,0,0
301806,8.0,15283,2.0,2004-11-06,3.0,1.0,1,29.0,0.0,15.0,0.0,5427.0,1,0,0,0,0,0,0,1,0,0,1,0,0,1,0,0,0
274047,2.0,17397,2.0,2001-08-19,1.0,15.0,2,9.0,0.0,4.0,0.0,573.0,1,0,0,0,0,0,0,0,1,0,0,1,0,1,0,0,0
1031466,26.0,19657,12.0,2009-10-31,4.0,14.0,1,74.0,2.0,32.0,0.0,8232.0,1,0,0,0,0,0,1,0,1,0,0,1,0,1,0,0,0
313922,3.0,16616,2.0,2006-06-30,2.0,19.0,2,13.0,0.0,6.0,0.0,5324.0,1,1,0,0,0,0,0,0,1,0,0,1,0,0,1,0,0
269149,3.0,12825,1.0,2001-02-11,0.0,20.0,1,22.0,0.0,17.0,0.0,2638.0,1,1,1,1,1,0,0,0,1,0,0,1,0,1,0,0,0
310570,2.0,9114,1.0,2006-01-10,1.0,41.0,2,5.0,0.0,1.0,0.0,381.0,1,1,0,0,0,0,0,0,1,0,0,1,0,0,1,0,0
1028797,7.0,15188,14.0,2009-08-02,0.0,19.0,1,31.0,1.0,10.0,0.0,5710.0,1,0,0,0,0,0,1,0,1,0,0,1,0,0,0,0,1
1063378,14.0,12243,14.0,2013-07-09,0.0,157.0,1,34.0,1.0,6.0,0.0,3144.0,1,0,0,0,0,0,1,0,1,0,0,1,0,0,0,0,1
309110,2.0,13680,0.0,2005-10-13,1.0,13.0,1,9.0,0.0,6.0,0.0,2081.0,1,0,0,0,0,0,0,0,1,0,0,1,0,0,1,0,0
276049,3.0,17110,0.0,2001-11-05,4.0,6.0,64,17.0,0.0,10.0,0.0,2680.0,1,1,0,0,0,0,0,0,1,0,1,0,0,1,0,0,0
1070781,13.0,20616,1.0,2014-08-04,4.0,24.0,1,28.0,1.0,9.0,0.0,8394.0,1,0,0,0,0,0,1,1,0,0,0,1,0,1,0,0,0
271167,8.0,13640,5.0,2001-05-06,2.0,53.0,3,18.0,0.0,2.0,0.0,664.0,1,1,0,1,1,0,0,1,0,0,0,1,0,0,0,0,1
276049,4.0,15284,2.0,2001-11-05,2.0,25.0,64,31.0,0.0,23.0,0.0,2715.0,1,1,0,0,0,0,0,0,1,0,0,1,0,0,0,0,1
1029516,1.0,17768,0.0,2009-08-25,0.0,27.0,1,7.0,2.0,6.0,0.0,5195.0,1,0,0,0,0,0,1,0,1,0,1,0,0,0,1,0,0
288660,1.0,9227,0.0,2003-04-07,0.0,69.0,1,8.0,0.0,7.0,0.0,840.0,1,0,0,1,0,0,0,0,1,0,0,1,0,0,1,0,0
1029937,9.0,15592,10.0,2009-09-09,2.0,51.0,1,23.0,6.0,1.0,0.0,6120.0,1,1,0,0,1,0,1,1,0,0,0,1,0,0,1,0,0
1031540,14.0,13821,17.0,2009-11-03,2.0,52.0,3,36.0,1.0,2.0,0.0,4565.0,1,1,0,1,0,0,1,0,1,0,0,1,0,0,0,0,1
1003419,4.0,18672,4.0,2007-02-14,1.0,7.0,1,17.0,4.0,8.0,0.0,6169.0,1,0,0,0,0,0,0,0,1,0,0,1,0,0,0,0,1
304454,9.0,11772,6.0,2005-03-28,1.0,10.0,3,20.0,0.0,4.0,0.0,3547.0,1,1,0,1,0,0,0,1,0,0,0,1,0,1,0,0,0
1056135,10.0,16655,9.0,2012-08-07,5.0,15.0,1,63.0,4.0,39.0,0.0,7888.0,1,0,0,1,0,0,1,0,1,0,1,0,0,1,0,0,0
1061641,4.0,11798,4.0,2013-04-22,4.0,15.0,1,25.0,2.0,9.0,4.0,3464.0,1,0,0,0,0,0,1,0,1,0,0,1,0,0,0,0,1
268375,22.0,13883,5.0,2001-01-09,16.0,21.0,1,53.0,0.0,10.0,0.0,3599.0,1,1,1,0,1,0,0,1,0,0,0,1,0,1,0,0,0
1001423,5.0,11280,0.0,2006-11-19,0.0,49.0,1,8.0,10.0,2.0,1.0,1546.0,1,1,0,0,0,0,0,0,1,0,0,1,0,1,0,0,0
1050193,5.0,20413,11.0,2011-11-22,1.0,117.0,4,22.0,3.0,5.0,0.0,4970.0,1,0,0,0,0,0,1,0,1,0,0,1,0,0,1,0,0
282253,1.0,10052,1.0,2002-07-11,0.0,46.0,2,9.0,0.0,6.0,0.0,695.0,1,0,0,0,0,0,0,0,1,0,0,1,0,0,0,0,1
1002102,20.0,14962,12.0,2006-12-19,3.0,58.0,5,72.0,2.0,37.0,0.0,3788.0,1,0,0,0,0,0,0,0,1,0,0,1,0,0,0,0,1
1049906,0.0,14557,2.0,2011-11-09,0.0,37.0,1,8.0,1.0,6.0,0.0,2963.0,1,0,0,0,0,0,1,0,1,0,0,1,0,0,1,0,0
280160,24.0,12901,6.0,2002-04-28,2.0,28.0,1,42.0,0.0,10.0,0.0,2379.0,1,0,0,0,0,0,0,0,1,0,0,1,0,1,0,0,0
271886,1.0,19145,2.0,2001-06-04,1.0,1.0,1,8.0,0.0,4.0,0.0,7439.0,1,0,0,0,0,0,0,1,0,0,0,1,0,1,0,0,0
301145,4.0,19637,0.0,2004-10-06,1.0,23.0,1,6.0,0.0,1.0,0.0,7037.0,1,0,0,0,0,0,0,0,1,0,0,1,0,0,1,0,0
1001992,3.0,11666,5.0,2006-12-14,2.0,52.0,2,21.0,4.0,11.0,0.0,2512.0,1,0,0,1,0,0,0,0,1,0,1,0,0,0,0,0,1
269399,5.0,14661,2.0,2001-02-23,5.0,3.0,1,20.0,0.0,7.0,0.0,3563.0,1,1,0,0,0,0,0,0,1,0,0,1,0,1,0,0,0
1023886,3.0,10636,3.0,2009-02-14,0.0,80.0,2,16.0,1.0,9.0,0.0,683.0,1,0,0,1,0,0,1,1,0,0,0,1,0,0,1,0,0
1029579,2.0,9369,2.0,2009-08-26,0.0,58.0,2,6.0,1.0,2.0,0.0,779.0,1,1,0,0,0,0,1,0,1,0,0,1,0,0,0,0,1
289822,15.0,20239,0.0,2003-05-31,1.0,4.0,3,22.0,0.0,6.0,0.0,9224.0,1,1,0,1,1,0,0,1,0,0,0,1,0,0,0,0,1
1009103,9.0,21433,12.0,2007-09-07,2.0,22.0,1,30.0,2.0,7.0,0.0,6850.0,1,0,0,0,0,0,1,0,1,0,0,1,0,0,0,0,1
1073114,1.0,16375,2.0,2014-12-26,0.0,24.0,1,9.0,2.0,6.0,0.0,7026.0,1,0,0,0,0,0,1,0,1,0,1,0,1,0,0,0,0
299558,6.0,18468,8.0,2004-07-26,2.0,69.0,1,22.0,0.0,6.0,0.0,2127.0,1,0,0,0,0,0,0,0,1,0,0,1,0,1,0,0,0
1004413,2.0,20901,2.0,2007-03-27,0.0,27.0,2,9.0,5.0,5.0,0.0,10617.0,1,0,0,1,0,0,0,0,1,0,0,1,0,1,0,0,0
278885,16.0,18694,5.0,2002-03-09,6.0,19.0,1,49.0,0.0,22.0,0.0,8481.0,1,1,0,0,0,0,0,0,1,0,0,1,0,0,0,0,1
270332,5.0,12511,4.0,2001-04-04,0.0,77.0,3,12.0,0.0,3.0,0.0,2878.0,1,1,0,1,1,0,0,0,1,0,0,1,0,0,0,0,1
1068900,4.0,14338,4.0,2014-05-01,0.0,44.0,2,10.0,1.0,2.0,0.0,2713.0,1,1,0,0,0,0,1,1,0,0,0,1,0,0,1,0,0
273979,2.0,11171,0.0,2001-08-16,0.0,7.0,1,13.0,0.0,11.0,0.0,2215.0,1,0,0,0,0,0,0,0,1,0,1,0,0,1,0,0,0
1061731,0.0,19107,0.0,2013-04-25,6.0,8.0,1,17.0,1.0,11.0,0.0,8521.0,1,1,0,0,0,0,1,0,1,0,1,0,0,1,0,0,0
1010652,6.0,13820,1.0,2007-11-03,0.0,35.0,2,10.0,1.0,3.0,0.0,2896.0,1,0,0,0,0,0,1,1,0,0,0,1,0,1,0,0,0
272890,19.0,12972,5.0,2001-07-09,1.0,78.0,2,28.0,0.0,3.0,0.0,3506.0,1,1,0,0,1,0,0,1,0,0,0,1,0,0,0,0,1
280314,0.0,21793,2.0,2002-05-03,1.0,1.0,1,10.0,0.0,7.0,0.0,11247.0,1,0,0,1,1,0,0,0,1,0,0,1,0,0,0,0,1
1024254,13.0,15030,2.0,2009-02-27,1.0,27.0,1,30.0,2.0,14.0,0.0,5923.0,1,1,0,0,1,0,1,0,1,0,0,1,0,0,0,0,1
1057046,5.0,11578,21.0,2012-09-14,0.0,181.0,1,32.0,1.0,4.0,0.0,2509.0,1,0,0,0,0,0,1,0,1,0,1,0,0,0,0,0,1
1013248,12.0,13887,17.0,2008-01-09,1.0,61.0,2,40.0,2.0,10.0,0.0,4783.0,1,0,0,1,0,0,1,1,0,0,0,1,0,1,0,0,0
310750,0.0,8055,0.0,2006-01-20,1.0,30.0,4,2.0,0.0,1.0,0.0,126.0,1,1,0,0,0,0,0,0,1,0,0,1,0,1,0,0,0
1042247,2.0,14966,1.0,2010-12-23,0.0,15.0,1,9.0,2.0,6.0,0.0,5680.0,1,0,0,0,0,0,1,0,1,0,0,1,0,1,0,0,0
1004142,1.0,11396,1.0,2007-03-16,0.0,55.0,7,3.0,4.0,1.0,0.0,262.0,1,1,0,0,0,0,0,1,0,0,0,1,0,0,1,0,0
1069649,7.0,17688,10.0,2014-06-07,0.0,70.0,1,24.0,3.0,7.0,0.0,3938.0,1,1,0,0,0,0,1,0,1,0,0,1,0,0,0,0,1
1046990,7.0,17362,1.0,2011-07-16,0.0,49.0,1,16.0,1.0,8.0,0.0,5338.0,1,0,0,0,0,0,1,0,1,0,1,0,0,0,0,0,1
277861,11.0,13172,8.0,2002-01-24,5.0,10.0,17,35.0,0.0,11.0,0.0,2578.0,1,1,0,0,0,0,0,0,1,0,0,1,0,1,0,0,0
1051989,3.0,20503,0.0,2012-02-19,1.0,25.0,1,8.0,7.0,4.0,0.0,6411.0,1,1,0,0,1,0,1,0,1,0,1,0,0,1,0,0,0
1062333,1.0,14748,1.0,2013-05-20,0.0,20.0,2,6.0,2.0,4.0,0.0,3401.0,1,0,0,0,0,0,1,1,0,0,1,0,0,1,0,0,0
283198,2.0,14462,3.0,2002-08-12,0.0,12.0,1,13.0,0.0,8.0,0.0,4516.0,1,1,0,1,0,0,0,0,1,0,1,0,0,1,0,0,0
307638,2.0,15559,2.0,2005-08-10,0.0,20.0,2,9.0,0.0,4.0,0.0,3065.0,1,1,0,1,0,0,0,0,1,0,0,1,0,0,0,0,1
1011420,2.0,11296,2.0,2007-12-14,0.0,46.0,3,6.0,1.0,2.0,0.0,402.0,1,1,0,0,0,0,1,0,1,0,0,1,0,0,0,0,1
303036,2.0,15715,0.0,2005-01-10,1.0,19.0,1,8.0,0.0,5.0,0.0,3325.0,1,0,0,0,0,0,0,0,1,0,1,0,0,1,0,0,0
310562,1.0,16067,10.0,2006-01-10,0.0,28.0,6,20.0,0.0,8.0,0.0,7107.0,1,0,0,0,0,0,0,0,1,0,0,1,0,0,1,0,0
276078,1.0,19668,0.0,2001-11-06,2.0,3.0,1,20.0,0.0,17.0,0.0,2465.0,1,0,0,0,0,0,0,1,0,0,1,0,0,0,0,0,1
307967,13.0,15941,28.0,2005-08-24,4.0,51.0,3,72.0,0.0,25.0,0.0,3698.0,1,1,0,0,0,0,0,0,1,0,0,1,0,0,0,0,1
1061315,0.0,15439,1.0,2013-04-10,1.0,38.0,1,5.0,1.0,3.0,0.0,6000.0,1,1,0,0,0,0,1,0,1,0,0,1,0,0,0,0,1
1009476,3.0,15174,3.0,2007-09-21,0.0,12.0,3,11.0,2.0,5.0,0.0,4245.0,1,1,1,0,1,0,1,0,1,0,0,1,0,0,0,0,1
302066,3.0,14566,1.0,2004-11-18,4.0,21.0,2,12.0,0.0,4.0,0.0,4749.0,1,0,0,0,0,0,0,0,1,0,0,1,0,1,0,0,0
298119,5.0,11098,1.0,2004-05-22,0.0,50.0,3,14.0,0.0,7.0,0.0,1026.0,1,0,0,0,0,0,0,0,1,0,1,0,0,0,0,0,1
1053605,7.0,13994,7.0,2012-04-26,1.0,158.0,26,25.0,1.0,10.0,0.0,3012.0,1,0,0,0,0,0,1,0,1,0,0,1,0,0,0,0,1
291476,0.0,20674,2.0,2003-08-09,1.0,0.0,2,4.0,0.0,0.0,1.0,8097.0,1,1,0,0,0,0,0,0,1,0,1,0,0,0,0,0,1
1042534,5.0,12423,7.0,2011-01-07,0.0,120.0,8,20.0,6.0,7.0,0.0,2194.0,1,0,0,0,0,0,1,0,1,0,0,1,0,0,1,0,0
276049,7.0,12727,1.0,2001-11-05,1.0,20.0,64,19.0,0.0,9.0,0.0,2282.0,1,1,0,0,0,0,0,0,1,0,0,1,0,1,0,0,0
284128,6.0,13404,2.0,2002-09-13,1.0,14.0,2,24.0,0.0,15.0,0.0,3056.0,1,0,0,0,0,0,0,0,1,0,0,1,0,1,0,0,0
1054318,0.0,11468,5.0,2012-05-27,0.0,78.0,1,6.0,1.0,0.0,1.0,1468.0,1,1,0,0,1,1,1,0,1,0,0,1,1,0,0,0,0
1028193,3.0,16265,2.0,2009-07-14,0.0,61.0,49,9.0,12.0,2.0,0.0,3781.0,1,1,1,0,1,0,1,0,1,0,0,1,0,0,0,0,1
311255,26.0,18288,12.0,2006-02-17,4.0,14.0,1,74.0,0.0,32.0,0.0,6863.0,1,0,0,0,0,0,0,0,1,0,0,1,0,1,0,0,0
1022144,1.0,11658,0.0,2008-12-02,1.0,13.0,1,2.0,2.0,0.0,0.0,400.0,1,1,0,0,0,0,1,0,1,0,0,1,0,1,0,0,0
1046613,7.0,18809,5.0,2011-07-01,0.0,41.0,1,22.0,2.0,9.0,0.0,4644.0,1,1,0,1,0,0,1,0,1,0,0,1,0,0,0,0,1
273036,11.0,15169,8.0,2001-07-13,4.0,22.0,1,33.0,0.0,10.0,0.0,5450.0,1,1,0,0,0,0,0,1,0,0,0,1,0,0,1,0,0
1009954,26.0,18908,7.0,2007-10-08,2.0,10.0,1,54.0,4.0,18.0,0.0,4780.0,1,0,0,0,0,0,1,1,0,0,0,1,0,0,0,0,1
275510,19.0,12703,3.0,2001-10-12,7.0,25.0,1,45.0,0.0,16.0,0.0,4218.0,1,0,0,0,0,0,0,0,1,0,0,1,0,1,0,0,0
1037863,6.0,14420,3.0,2010-07-07,0.0,48.0,1,14.0,1.0,5.0,0.0,1663.0,1,1,0,0,0,0,1,1,0,0,0,1,0,0,0,0,1
1063428,0.0,16993,2.0,2013-07-11,1.0,12.0,1,7.0,2.0,4.0,0.0,6212.0,1,0,0,0,0,0,1,0,1,0,0,1,1,0,0,0,0
312759,0.0,9986,1.0,2006-05-05,0.0,6.0,1,3.0,0.0,1.0,1.0,1250.0,1,1,1,0,0,0,0,1,0,0,0,1,0,0,0,0,1
307206,2.0,12984,0.0,2005-07-21,1.0,9.0,2,18.0,0.0,13.0,0.0,2326.0,1,1,0,0,1,0,0,1,0,0,0,1,0,1,0,0,0
1028193,11.0,15535,5.0,2009-07-14,4.0,56.0,49,22.0,12.0,1.0,0.0,5713.0,1,1,1,1,1,0,1,0,1,0,0,1,0,1,0,0,0
275732,13.0,11982,7.0,2001-10-22,0.0,49.0,2,26.0,0.0,6.0,0.0,1148.0,1,1,0,1,1,0,0,1,0,0,0,1,1,0,0,0,0
1015079,4.0,11400,1.0,2008-03-19,0.0,28.0,2,12.0,2.0,7.0,0.0,2515.0,1,0,0,0,0,0,1,1,0,0,1,0,0,0,0,0,1
294171,8.0,18960,3.0,2003-12-01,1.0,18.0,1,22.0,0.0,10.0,0.0,3007.0,1,0,0,0,0,0,0,0,1,0,0,1,0,1,0,0,0
294689,0.0,16427,0.0,2003-12-25,0.0,18.0,1,4.0,0.0,4.0,0.0,3683.0,1,0,0,0,0,0,0,0,1,0,1,0,0,1,0,0,0
304288,1.0,17973,1.0,2005-03-18,2.0,1.0,1,9.0,0.0,5.0,0.0,7283.0,1,1,0,0,0,0,0,1,0,0,1,0,0,1,0,0,0
1051187,9.0,16811,5.0,2012-01-11,2.0,14.0,1,28.0,2.0,11.0,0.0,6246.0,1,1,0,0,0,0,1,0,1,0,0,1,0,1,0,0,0
1002797,12.0,14162,5.0,2007-01-18,0.0,72.0,5,29.0,2.0,12.0,0.0,3809.0,1,0,0,0,0,0,0,1,0,0,0,1,0,0,1,0,0
1061604,6.0,13987,3.0,2013-04-19,1.0,41.0,1,18.0,2.0,8.0,0.0,2789.0,1,1,1,0,1,0,1,1,0,0,0,1,0,0,1,0,0
282502,4.0,15531,2.0,2002-07-19,0.0,1.0,1,16.0,0.0,10.0,0.0,2410.0,1,0,0,0,0,0,0,0,1,0,1,0,0,1,0,0,0
1027696,2.0,19536,1.0,2009-06-27,1.0,14.0,4,12.0,7.0,8.0,0.0,6386.0,1,0,0,0,0,0,1,0,1,0,1,0,0,1,0,0,0
274640,1.0,13033,0.0,2001-09-10,0.0,27.0,3,8.0,0.0,7.0,0.0,683.0,1,0,0,0,0,0,0,1,0,0,0,1,1,0,0,0,0
277140,0.0,12406,1.0,2001-12-19,1.0,3.0,2,5.0,0.0,3.0,0.0,548.0,1,1,0,0,0,0,0,0,1,0,0,1,0,1,0,0,0
285903,31.0,12377,15.0,2002-11-21,11.0,74.0,2,82.0,0.0,25.0,0.0,3096.0,1,1,1,1,1,0,0,0,1,0,0,1,0,1,0,0,0
301446,9.0,16729,1.0,2004-10-20,4.0,12.0,1,24.0,0.0,10.0,0.0,6911.0,1,0,0,0,0,0,0,0,1,0,0,1,0,1,0,0,0
307709,2.0,13739,0.0,2005-08-13,0.0,3.0,2,12.0,0.0,9.0,0.0,4057.0,1,0,0,0,0,0,0,0,1,0,0,1,0,1,0,0,0
1014577,9.0,11747,4.0,2008-02-29,0.0,101.0,1,21.0,2.0,8.0,0.0,550.0,1,1,0,0,1,0,1,0,1,0,0,1,0,0,1,0,0
305071,0.0,16505,0.0,2005-04-23,0.0,14.0,1,7.0,0.0,7.0,0.0,3426.0,1,0,0,0,0,0,0,0,1,0,1,0,0,1,0,0,0
268504,0.0,17546,0.0,2001-01-15,0.0,2.0,1,4.0,0.0,4.0,0.0,322.0,1,0,0,0,0,0,0,0,1,0,0,1,0,0,0,0,1
289498,6.0,19493,6.0,2003-05-17,1.0,7.0,2,28.0,0.0,15.0,0.0,7473.0,1,1,0,0,0,0,0,0,1,0,1,0,0,0,0,0,1
298924,1.0,17710,3.0,2004-06-27,0.0,5.0,3,7.0,0.0,3.0,0.0,5081.0,1,1,0,0,0,0,0,0,1,0,0,1,0,1,0,0,0
276312,15.0,15294,1.0,2001-11-15,3.0,22.0,1,32.0,0.0,13.0,0.0,5092.0,1,0,0,0,0,0,0,1,0,0,0,1,0,1,0,0,0
300726,4.0,13407,8.0,2004-09-15,3.0,54.0,2,22.0,0.0,7.0,0.0,1787.0,1,0,0,0,0,0,0,0,1,0,0,1,0,0,1,0,0
288544,4.0,18352,0.0,2003-04-01,1.0,0.0,4,23.0,0.0,17.0,0.0,8450.0,1,0,0,0,0,0,0,0,1,0,1,0,0,1,0,0,0
1002796,10.0,12401,8.0,2007-01-18,0.0,140.0,13,27.0,5.0,9.0,0.0,3665.0,1,0,0,1,0,0,0,0,1,0,0,1,0,0,1,0,0
278101,1.0,18661,0.0,2002-02-03,0.0,10.0,4,4.0,0.0,2.0,0.0,10331.0,1,0,0,1,0,0,0,0,1,0,0,1,0,0,0,0,1
290374,9.0,11203,3.0,2003-06-26,0.0,51.0,1,22.0,0.0,10.0,0.0,2647.0,1,0,0,0,0,0,0,0,1,0,0,1,0,0,1,0,0
301571,6.0,14543,7.0,2004-10-26,1.0,43.0,1,20.0,0.0,6.0,0.0,3368.0,1,0,0,0,0,0,0,0,1,0,0,1,0,1,0,0,0
1028521,8.0,18101,2.0,2009-07-24,0.0,18.0,1,22.0,2.0,12.0,0.0,6905.0,1,0,0,0,0,0,1,0,1,0,1,0,0,1,0,0,0
278820,1.0,12845,0.0,2002-03-06,1.0,41.0,2,4.0,0.0,1.0,0.0,881.0,1,1,0,0,1,0,0,0,1,0,1,0,0,1,0,0,0
287552,30.0,21955,2.0,2003-02-10,4.0,6.0,2,109.0,0.0,71.0,2.0,10703.0,1,0,0,0,0,0,0,1,0,0,0,1,0,1,0,0,0
298550,4.0,15136,1.0,2004-06-10,0.0,17.0,1,13.0,0.0,7.0,0.0,3230.0,1,0,0,0,0,0,0,0,1,0,0,1,0,0,1,0,0
1030848,4.0,11604,7.0,2009-10-09,1.0,99.0,3,14.0,2.0,2.0,0.0,1047.0,1,1,0,1,0,0,1,0,1,0,0,1,0,0,1,0,0
1032671,3.0,17519,2.0,2009-12-21,1.0,15.0,10,12.0,10.0,6.0,0.0,5430.0,1,0,0,0,0,0,1,1,0,0,0,1,0,0,1,0,0
272426,2.0,19896,3.0,2001-06-22,0.0,5.0,1,11.0,0.0,6.0,0.0,2608.0,1,1,0,0,0,0,0,0,1,0,0,1,0,1,0,0,0
1063581,1.0,16267,0.0,2013-07-16,1.0,19.0,1,4.0,2.0,2.0,0.0,6329.0,1,0,0,0,0,0,1,0,1,0,0,1,0,1,0,0,0
1030297,3.0,17430,0.0,2009-09-21,3.0,18.0,2,19.0,1.0,13.0,0.0,6472.0,1,0,0,0,0,0,1,0,1,0,0,1,0,1,0,0,0
272483,5.0,13324,5.0,2001-06-25,4.0,17.0,1,23.0,0.0,7.0,1.0,2457.0,1,0,0,0,0,0,0,0,1,0,0,1,0,0,0,0,1
292149,9.0,20704,3.0,2003-09-08,1.0,7.0,1,20.0,0.0,6.0,0.0,8148.0,1,0,0,0,0,0,0,0,1,0,0,1,0,0,1,0,0
308211,1.0,14121,1.0,2005-09-05,1.0,13.0,1,6.0,0.0,3.0,0.0,4109.0,1,1,0,0,0,0,0,0,1,0,0,1,0,0,0,0,1
1075881,1.0,12584,2.0,2015-06-27,1.0,38.0,3,5.0,3.0,0.0,0.0,984.0,1,1,0,0,1,0,1,1,0,0,0,1,0,0,0,0,1
1043460,5.0,12468,9.0,2011-02-20,0.0,58.0,2,22.0,5.0,8.0,0.0,2918.0,1,1,0,0,1,0,1,0,1,0,0,1,0,1,0,0,0
1070099,0.0,13695,0.0,2014-07-01,0.0,33.0,2,2.0,1.0,2.0,0.0,5041.0,1,0,0,0,0,0,1,0,1,0,0,1,0,0,0,0,1
291266,7.0,12995,5.0,2003-08-01,0.0,106.0,4,20.0,0.0,6.0,0.0,3097.0,1,0,0,0,0,0,0,1,0,0,0,1,0,1,0,0,0
296640,6.0,15053,3.0,2004-03-20,3.0,20.0,3,21.0,0.0,9.0,0.0,3749.0,1,1,0,0,0,0,0,1,0,0,0,1,0,0,0,0,1
280437,15.0,12540,20.0,2002-05-08,1.0,70.0,2,53.0,0.0,17.0,0.0,3503.0,1,0,0,1,0,0,0,0,1,0,0,1,0,0,0,0,1
270961,2.0,18015,0.0,2001-04-28,0.0,1.0,1,5.0,0.0,3.0,0.0,1068.0,1,0,0,0,0,0,0,0,1,0,0,1,0,0,1,0,0
276811,2.0,14583,3.0,2001-12-05,1.0,25.0,1,10.0,0.0,4.0,0.0,100.0,1,0,0,0,0,0,0,0,1,0,0,1,0,1,0,0,0
286574,4.0,14595,1.0,2002-12-23,0.0,18.0,1,11.0,0.0,6.0,0.0,2871.0,1,0,0,0,0,0,0,0,1,0,0,1,0,0,0,0,1
1040958,3.0,10524,2.0,2010-10-25,1.0,25.0,1,10.0,4.0,4.0,0.0,1673.0,1,1,0,1,0,0,1,1,0,0,1,0,0,1,0,0,0
1077384,3.0,22252,1.0,2015-10-01,1.0,6.0,1,8.0,1.0,3.0,0.0,6575.0,1,0,0,0,0,0,1,0,1,0,0,1,0,1,0,0,0
1042772,1.0,11704,1.0,2011-01-17,1.0,87.0,1,3.0,3.0,0.0,0.0,1939.0,1,1,0,0,0,0,1,1,0,0,1,0,0,0,0,0,1
285408,2.0,15924,2.0,2002-10-31,7.0,22.0,1,24.0,0.0,13.0,0.0,3159.0,1,0,0,0,0,0,0,0,1,0,0,1,0,0,0,0,1
310927,2.0,12445,0.0,2006-01-30,0.0,21.0,5,6.0,0.0,4.0,0.0,2328.0,1,0,0,0,0,0,0,0,1,0,0,1,0,0,0,0,1
300125,10.0,11913,2.0,2004-08-20,2.0,19.0,1,26.0,0.0,12.0,0.0,1019.0,1,1,0,0,0,0,0,1,0,0,0,1,0,0,0,0,1
274931,0.0,14110,2.0,2001-09-21,2.0,32.0,1,9.0,0.0,5.0,0.0,2386.0,1,1,0,0,0,0,0,0,1,0,0,1,0,0,0,0,1
269507,8.0,13572,1.0,2001-02-28,0.0,17.0,6,21.0,0.0,12.0,0.0,3837.0,1,1,1,1,1,0,0,0,1,0,0,1,0,0,0,0,1
1067438,15.0,19764,1.0,2014-02-10,3.0,22.0,1,32.0,1.0,13.0,0.0,9562.0,1,0,0,0,0,0,1,1,0,0,0,1,0,1,0,0,0
1008716,26.0,15576,15.0,2007-08-25,9.0,37.0,1,60.0,7.0,10.0,0.0,7152.0,1,1,0,0,1,0,1,1,0,0,0,1,0,1,0,0,0
283650,25.0,18493,7.0,2002-08-27,4.0,16.0,3,46.0,0.0,10.0,0.0,6118.0,1,1,0,0,0,0,0,0,1,0,0,1,0,0,1,0,0
1050193,7.0,13838,9.0,2011-11-22,0.0,130.0,4,20.0,3.0,3.0,1.0,4865.0,1,0,0,0,0,0,1,0,1,0,0,1,0,0,1,0,0
1013233,12.0,19365,12.0,2008-01-09,5.0,8.0,1,42.0,4.0,12.0,1.0,8310.0,1,0,0,0,0,0,1,0,1,0,0,1,0,1,0,0,0
1052493,26.0,20158,2.0,2012-03-11,7.0,25.0,1,61.0,3.0,25.0,1.0,7739.0,1,1,1,0,1,0,1,1,0,0,0,1,0,0,1,0,0
296029,0.0,21590,0.0,2004-02-23,0.0,0.0,1,5.0,0.0,5.0,0.0,10152.0,1,0,0,1,0,0,0,0,1,0,0,1,0,1,0,0,0
274651,8.0,12672,3.0,2001-09-11,1.0,24.0,2,21.0,0.0,7.0,0.0,2660.0,1,1,0,0,0,0,0,0,1,0,0,1,0,1,0,0,0
309480,11.0,16743,10.0,2005-11-04,3.0,22.0,4,42.0,0.0,18.0,0.0,7052.0,1,1,0,0,0,0,0,0,1,0,0,1,0,0,1,0,0
306461,0.0,19897,0.0,2005-06-23,1.0,1.0,1,12.0,0.0,11.0,0.0,5258.0,1,0,0,0,0,0,0,0,1,0,1,0,0,0,0,0,1
1016734,3.0,14751,0.0,2008-05-21,0.0,24.0,1,7.0,2.0,3.0,1.0,4335.0,1,1,0,0,0,0,1,0,1,0,0,1,0,1,0,0,0
1069335,28.0,18404,4.0,2014-05-22,6.0,13.0,2,62.0,3.0,24.0,0.0,8913.0,1,0,0,0,0,0,1,0,1,0,1,0,0,1,0,0,0
1003198,5.0,12084,6.0,2007-02-02,0.0,78.0,1,14.0,2.0,3.0,0.0,3076.0,1,1,0,0,1,0,0,1,0,0,0,1,0,0,1,0,0
297893,2.0,14368,5.0,2004-05-12,0.0,39.0,2,17.0,0.0,10.0,0.0,3375.0,1,0,0,0,0,0,0,1,0,0,0,1,0,1,0,0,0
1075010,3.0,14369,0.0,2015-05-05,0.0,78.0,1,8.0,2.0,4.0,1.0,5671.0,1,1,0,0,0,0,1,0,1,0,0,1,0,1,0,0,0
280118,9.0,18012,5.0,2002-04-26,4.0,27.0,1,37.0,0.0,18.0,0.0,7088.0,1,0,0,1,1,0,0,0,1,0,0,1,0,1,0,0,0
273461,5.0,19933,1.0,2001-07-29,2.0,1.0,1,23.0,0.0,15.0,0.0,8266.0,1,0,0,0,0,0,0,1,0,0,0,1,0,0,0,0,1
1063526,0.0,16265,0.0,2013-07-14,2.0,14.0,1,6.0,2.0,4.0,0.0,3611.0,1,1,0,0,0,0,1,0,1,0,0,1,0,1,0,0,0
1015369,7.0,17985,1.0,2008-03-31,2.0,10.0,1,22.0,1.0,12.0,0.0,7054.0,1,0,0,0,0,0,1,0,1,0,0,1,0,1,0,0,0
299719,7.0,17375,1.0,2004-08-02,3.0,7.0,1,30.0,0.0,17.0,2.0,7023.0,1,1,0,0,0,0,0,0,1,0,0,1,0,1,0,0,0
1010677,3.0,14917,1.0,2007-11-04,0.0,28.0,1,8.0,2.0,4.0,0.0,3163.0,1,0,0,0,0,0,1,0,1,0,0,1,0,0,0,0,1
1059347,11.0,14248,6.0,2013-01-05,2.0,22.0,1,32.0,5.0,11.0,1.0,4946.0,1,1,1,0,0,0,1,0,1,0,0,1,0,0,0,0,1
311177,6.0,19035,6.0,2006-02-12,1.0,17.0,1,20.0,0.0,7.0,0.0,5380.0,1,0,0,0,0,0,0,0,1,0,0,1,0,0,0,0,1
308782,29.0,16339,14.0,2005-09-29,3.0,20.0,1,67.0,0.0,20.0,0.0,4326.0,1,0,0,0,0,0,0,1,0,0,0,1,0,1,0,0,0
1002925,22.0,12322,4.0,2007-01-23,0.0,34.0,2,36.0,1.0,10.0,0.0,331.0,1,0,0,0,0,0,0,1,0,0,0,1,0,1,0,0,0
289339,3.0,9260,1.0,2003-05-10,1.0,109.0,1,6.0,0.0,1.0,0.0,347.0,1,1,0,0,0,0,0,0,1,0,0,1,0,0,1,0,0
1070888,0.0,15193,4.0,2014-08-09,0.0,67.0,1,7.0,2.0,3.0,0.0,1574.0,1,0,0,0,0,0,1,0,1,0,0,1,0,0,0,0,1
1044475,9.0,19084,15.0,2011-04-04,2.0,190.0,2,41.0,9.0,13.0,0.0,6088.0,1,0,0,0,0,0,1,1,0,0,0,1,0,0,0,0,1
271065,0.0,14631,0.0,2001-05-02,0.0,7.0,1,3.0,0.0,3.0,0.0,2058.0,1,0,0,0,0,0,0,0,1,0,1,0,0,1,0,0,0
1035412,12.0,15077,12.0,2010-04-13,3.0,73.0,1,32.0,2.0,3.0,1.0,5286.0,1,1,1,0,0,0,1,0,1,0,0,1,0,0,0,0,1
304895,1.0,13985,0.0,2005-04-17,0.0,35.0,1,3.0,0.0,2.0,0.0,600.0,1,0,0,1,0,0,0,1,0,0,0,1,0,0,0,0,1
289078,0.0,19092,0.0,2003-04-28,1.0,5.0,1,5.0,0.0,3.0,0.0,9173.0,1,0,0,0,0,0,0,1,0,0,0,1,0,0,0,0,1
302794,6.0,18954,2.0,2004-12-29,0.0,3.0,1,13.0,0.0,5.0,0.0,6581.0,1,0,0,0,0,0,0,0,1,0,0,1,0,1,0,0,0
272964,1.0,11141,8.0,2001-07-11,1.0,49.0,2,14.0,0.0,4.0,0.0,1520.0,1,0,0,0,0,0,0,0,1,0,1,0,0,0,1,0,0
1072924,6.0,15301,3.0,2014-12-11,0.0,57.0,1,15.0,10.0,5.0,0.0,5900.0,1,0,0,1,0,0,1,0,1,0,0,1,0,0,0,0,1
301979,12.0,12736,12.0,2004-11-15,3.0,23.0,2,44.0,0.0,17.0,0.0,3722.0,1,0,0,0,0,0,0,0,1,0,0,1,0,1,0,0,0
1058391,14.0,16346,9.0,2012-11-14,0.0,88.0,1,32.0,2.0,7.0,0.0,4768.0,1,1,0,0,1,0,1,0,1,0,0,1,0,0,1,0,0
1009017,16.0,15953,9.0,2007-09-05,4.0,39.0,2,42.0,15.0,13.0,0.0,5546.0,1,1,0,1,0,0,1,1,0,0,0,1,0,1,0,0,0
1049154,2.0,11236,1.0,2011-10-08,0.0,63.0,2,9.0,3.0,4.0,0.0,539.0,1,0,0,0,0,0,1,1,0,0,1,0,0,1,0,0,0
1030003,2.0,12307,1.0,2009-09-11,0.0,19.0,2,13.0,2.0,10.0,0.0,1782.0,1,1,0,1,0,0,1,0,1,0,1,0,0,1,0,0,0
272354,2.0,9667,2.0,2001-06-20,0.0,44.0,2,10.0,0.0,6.0,0.0,253.0,1,0,0,0,0,0,0,1,0,0,1,0,0,0,1,0,0
269198,7.0,19402,2.0,2001-02-13,0.0,18.0,1,41.0,0.0,32.0,0.0,7440.0,1,0,0,0,0,0,0,0,1,0,0,1,0,1,0,0,0
1000656,0.0,12712,3.0,2006-10-21,0.0,13.0,2,4.0,1.0,1.0,0.0,2784.0,1,0,0,0,0,0,0,0,1,0,0,1,0,0,0,0,1
290064,28.0,14308,4.0,2003-06-11,6.0,13.0,1,62.0,0.0,24.0,0.0,4817.0,1,0,0,0,0,0,0,0,1,0,1,0,0,1,0,0,0
1078192,1.0,13841,5.0,2015-11-24,1.0,92.0,2,14.0,3.0,7.0,0.0,3284.0,1,0,0,0,0,0,1,0,1,0,1,0,0,0,0,0,1
1042133,6.0,14594,2.0,2010-12-16,0.0,35.0,2,8.0,1.0,0.0,0.0,3124.0,1,1,0,0,0,0,1,0,1,0,0,1,0,1,0,0,0
270747,5.0,16180,1.0,2001-04-20,1.0,13.0,3,16.0,0.0,9.0,0.0,3649.0,1,1,0,0,0,0,0,0,1,0,0,1,0,1,0,0,0
296807,2.0,10314,3.0,2004-03-28,0.0,36.0,1,8.0,0.0,3.0,0.0,944.0,1,0,0,0,0,0,0,0,1,0,1,0,0,0,0,0,1
284957,8.0,17451,0.0,2002-10-12,1.0,5.0,1,24.0,0.0,15.0,0.0,9413.0,1,0,0,0,0,0,0,1,0,0,0,1,0,0,0,0,1
1033714,1.0,11725,2.0,2010-02-07,0.0,36.0,4,4.0,17.0,0.0,0.0,2687.0,1,1,0,0,1,0,1,1,0,0,0,1,1,0,0,0,0
276622,1.0,17133,0.0,2001-11-28,0.0,6.0,1,7.0,0.0,6.0,0.0,2032.0,1,0,0,0,0,0,0,0,1,0,1,0,0,1,0,0,0
271076,7.0,11444,2.0,2001-05-02,0.0,44.0,2,23.0,0.0,14.0,0.0,2907.0,1,1,0,0,0,0,0,0,1,0,0,1,0,1,0,0,0
1076136,62.0,19184,14.0,2015-07-14,7.0,96.0,1,117.0,8.0,34.0,0.0,9714.0,1,0,0,1,0,0,1,1,0,0,0,1,0,0,0,0,1
300474,5.0,10109,7.0,2004-09-05,0.0,134.0,1,14.0,0.0,0.0,2.0,1133.0,1,1,0,0,0,0,0,0,1,0,0,1,0,0,0,0,1
1006113,26.0,18410,2.0,2007-05-29,7.0,25.0,1,61.0,4.0,25.0,1.0,5991.0,1,1,0,0,0,0,0,1,0,0,0,1,0,0,1,0,0
1050000,0.0,18210,0.0,2011-11-14,2.0,8.0,1,3.0,2.0,1.0,0.0,6337.0,1,1,0,0,0,0,1,0,1,0,1,0,0,1,0,0,0
307502,0.0,16616,0.0,2005-08-03,0.0,14.0,2,7.0,0.0,7.0,0.0,3537.0,1,0,0,0,0,0,0,0,1,0,1,0,0,1,0,0,0
1011420,4.0,21889,3.0,2007-12-14,0.0,23.0,3,13.0,1.0,6.0,0.0,2726.0,1,1,0,1,0,0,1,0,1,0,0,1,0,0,0,0,1
272435,1.0,10766,2.0,2001-06-23,2.0,12.0,1,15.0,0.0,9.0,0.0,2118.0,1,0,0,0,0,0,0,0,1,0,0,1,0,1,0,0,0
296484,12.0,13831,15.0,2004-03-12,1.0,66.0,1,33.0,0.0,5.0,0.0,2041.0,1,0,0,0,0,0,0,0,1,0,0,1,0,1,0,0,0
1005552,0.0,14737,0.0,2007-05-08,1.0,11.0,2,5.0,4.0,4.0,0.0,3172.0,1,0,0,0,0,0,0,0,1,0,1,0,0,1,0,0,0
1017385,22.0,15140,13.0,2008-06-15,3.0,34.0,1,53.0,2.0,14.0,0.0,6373.0,1,0,0,1,0,0,1,0,1,0,0,1,0,0,0,0,1
1053115,6.0,20548,1.0,2012-04-06,1.0,16.0,1,17.0,2.0,8.0,0.0,9634.0,1,0,0,1,0,0,1,0,1,0,0,1,0,0,0,0,1
1059084,1.0,13866,1.0,2012-12-18,0.0,39.0,1,5.0,2.0,3.0,0.0,839.0,1,0,0,0,0,0,1,0,1,0,1,0,0,0,1,0,0
305521,7.0,13632,5.0,2005-05-12,2.0,69.0,1,20.0,0.0,6.0,0.0,4175.0,1,0,0,0,0,0,0,0,1,0,0,1,0,0,0,0,1
283377,18.0,13743,4.0,2002-08-18,11.0,3.0,1,63.0,0.0,30.0,0.0,5718.0,1,1,0,1,1,0,0,1,0,0,0,1,0,0,0,0,1
1002203,4.0,10218,12.0,2006-12-23,0.0,205.0,20,18.0,13.0,2.0,0.0,1216.0,1,1,0,0,1,0,0,1,0,0,0,1,0,0,1,0,0
1061402,1.0,20556,7.0,2013-04-12,1.0,50.0,1,12.0,1.0,3.0,0.0,7437.0,1,1,0,0,0,0,1,0,1,0,0,1,0,0,0,0,1
273671,1.0,11905,0.0,2001-08-06,0.0,19.0,3,4.0,0.0,3.0,0.0,2814.0,1,0,0,0,0,0,0,1,0,0,1,0,0,1,0,0,0
1008435,0.0,11180,0.0,2007-08-15,0.0,23.0,1,4.0,3.0,3.0,1.0,1994.0,1,0,0,0,0,0,1,0,1,0,0,1,0,0,0,0,1
1036179,8.0,18389,1.0,2010-05-11,0.0,9.0,1,14.0,1.0,5.0,0.0,8425.0,1,0,0,0,0,0,1,0,1,0,1,0,0,0,1,0,0
1074225,3.0,16509,0.0,2015-03-15,1.0,17.0,2,12.0,0.0,8.0,0.0,6180.0,0,0,0,0,0,0,1,1,0,0,0,1,0,1,0,0,0
1058184,3.0,13082,6.0,2012-11-04,0.0,39.0,2,24.0,1.0,14.0,1.0,3532.0,0,1,0,0,1,1,1,1,0,0,0,1,0,1,0,0,0
1049644,7.0,19054,8.0,2011-10-28,1.0,36.0,4,30.0,1.0,14.0,0.0,7031.0,0,1,0,0,0,0,1,1,0,0,0,1,0,0,0,0,1
1030573,7.0,12300,21.0,2009-09-29,0.0,76.0,12,33.0,6.0,5.0,0.0,3581.0,0,1,0,0,1,1,1,1,0,0,0,1,0,0,0,0,1
1020722,4.0,10144,1.0,2008-10-11,0.0,23.0,2,7.0,2.0,2.0,0.0,662.0,0,1,0,0,1,0,1,1,0,0,1,0,0,1,0,0,0
1042291,0.0,11314,8.0,2010-12-27,3.0,51.0,3,14.0,4.0,2.0,0.0,2943.0,0,1,0,0,0,0,1,1,0,0,0,1,0,1,0,0,0
283250,5.0,16892,8.0,2002-08-14,0.0,95.0,2,19.0,0.0,6.0,0.0,2827.0,0,1,0,0,1,1,0,1,0,0,0,1,0,0,0,0,1
C270396,6.0,15070,2.0,2001-04-05,1.0,9.0,10,16.0,1.0,7.0,0.0,5687.0,0,1,0,1,1,1,0,1,0,0,0,1,0,0,0,0,1
314317,4.0,17365,0.0,2006-07-19,0.0,22.0,2,9.0,0.0,5.0,0.0,2038.0,0,0,0,0,0,0,0,1,0,0,0,1,0,0,1,0,0
282130,0.0,12970,0.0,2002-07-06,0.0,17.0,2,4.0,0.0,4.0,0.0,964.0,0,0,0,0,0,0,0,1,0,0,0,1,0,0,0,0,1
1076321,4.0,18337,2.0,2015-07-24,0.0,14.0,1,11.0,0.0,5.0,0.0,7595.0,0,0,0,1,0,0,1,1,0,0,0,1,0,0,0,0,1
313550,1.0,10021,0.0,2006-06-12,0.0,25.0,2,3.0,0.0,2.0,0.0,592.0,0,0,0,0,0,0,0,1,0,0,0,1,0,0,0,0,1
1033564,1.0,13911,5.0,2010-02-01,0.0,224.0,3,7.0,3.0,1.0,0.0,1890.0,0,0,0,0,0,0,1,0,1,0,0,1,0,0,0,0,1
1021151,2.0,10526,6.0,2008-10-26,0.0,70.0,2,11.0,1.0,3.0,0.0,818.0,0,0,0,0,0,0,1,1,0,0,0,1,0,0,0,0,1
297562,5.0,11305,9.0,2004-04-29,0.0,79.0,2,15.0,0.0,1.0,0.0,2029.0,0,1,1,0,1,0,0,1,0,0,0,1,0,0,0,0,1
1041480,2.0,21103,3.0,2010-11-15,0.0,15.0,3,10.0,1.0,5.0,0.0,5030.0,0,0,0,0,0,0,1,1,0,0,1,0,0,0,1,0,0
312732,5.0,13596,5.0,2006-05-04,1.0,27.0,1,15.0,0.0,4.0,0.0,3763.0,0,0,0,0,0,0,0,1,0,0,0,1,0,1,0,0,0
1004713,16.0,15379,16.0,2007-04-06,1.0,55.0,14,41.0,2.0,8.0,0.0,4827.0,0,1,0,0,1,1,0,1,0,0,0,1,0,0,1,0,0
1031368,0.0,14507,5.0,2009-10-28,1.0,57.0,6,10.0,0.0,4.0,0.0,5164.0,0,1,0,0,1,1,1,1,0,0,0,1,0,0,0,0,1
299462,8.0,11890,10.0,2004-07-21,2.0,28.0,15,30.0,0.0,10.0,0.0,2634.0,0,0,0,0,0,0,0,1,0,0,1,0,0,0,0,0,1
1021909,1.0,14569,4.0,2008-11-21,1.0,49.0,1,8.0,1.0,2.0,0.0,722.0,0,1,0,0,0,0,1,0,1,0,0,1,0,0,1,0,0
1068427,0.0,13242,2.0,2014-04-06,0.0,105.0,4,3.0,2.0,1.0,0.0,1311.0,0,1,0,0,1,1,1,1,0,0,0,1,0,0,0,0,1
277080,4.0,13132,3.0,2001-12-17,0.0,4.0,1,16.0,0.0,9.0,0.0,3680.0,0,0,0,0,0,0,0,1,0,0,1,0,0,0,0,0,1
273863,9.0,16294,1.0,2001-08-12,2.0,12.0,5,30.0,0.0,18.0,0.0,5382.0,0,0,0,1,0,0,0,1,0,0,0,1,0,0,0,0,1
1060617,6.0,20521,0.0,2013-03-09,0.0,31.0,3,18.0,5.0,11.0,1.0,9707.0,0,0,0,1,0,0,1,1,0,0,0,1,0,0,0,0,1
1018687,3.0,13284,7.0,2008-07-31,1.0,106.0,11,13.0,2.0,2.0,0.0,1690.0,0,1,0,0,0,0,1,1,0,0,0,1,0,1,0,0,0
309803,12.0,14883,4.0,2005-11-22,2.0,45.0,1,27.0,0.0,9.0,0.0,2399.0,0,1,1,1,1,0,0,1,0,0,0,1,0,0,0,0,1
1025865,1.0,12535,4.0,2009-04-27,0.0,66.0,2,16.0,2.0,11.0,0.0,2009.0,0,1,1,0,1,0,1,1,0,0,0,1,0,0,0,0,1
269276,6.0,14292,24.0,2001-02-17,0.0,67.0,3,41.0,0.0,11.0,0.0,2454.0,0,1,0,0,1,1,0,1,0,0,0,1,0,0,0,0,1
278237,4.0,9900,1.0,2002-02-09,1.0,19.0,1,11.0,0.0,5.0,0.0,165.0,0,1,1,0,1,0,0,1,0,0,0,1,0,0,1,0,0
282450,9.0,15902,9.0,2002-07-17,1.0,51.0,6,27.0,0.0,8.0,0.0,3879.0,0,0,0,0,0,0,0,1,0,0,0,1,0,1,0,0,0
1046785,11.0,12238,32.0,2011-07-08,2.0,197.0,2,54.0,2.0,6.0,0.0,3417.0,0,1,0,0,1,1,1,1,0,0,0,1,0,0,0,0,1
1052523,6.0,14678,7.0,2012-03-12,0.0,182.0,2,19.0,2.0,5.0,0.0,2657.0,0,1,0,0,1,0,1,1,0,0,0,1,0,0,0,0,1
293243,6.0,12713,27.0,2003-10-23,0.0,91.0,20,46.0,0.0,9.0,0.0,2299.0,0,1,0,0,1,1,0,1,0,0,0,1,0,0,0,0,1
295385,1.0,9885,3.0,2004-01-25,1.0,59.0,2,8.0,0.0,3.0,0.0,1000.0,0,1,0,0,1,1,0,1,0,0,0,1,0,0,0,0,1
1077868,0.0,11989,1.0,2015-11-02,0.0,31.0,2,4.0,3.0,2.0,0.0,958.0,0,0,0,0,0,0,1,1,0,0,0,1,0,0,1,0,0
1004181,1.0,18702,0.0,2007-03-18,2.0,33.0,6,7.0,10.0,4.0,0.0,4484.0,0,1,1,0,1,0,0,1,0,0,1,0,0,0,1,0,0
281656,5.0,9300,12.0,2002-06-19,0.0,24.0,2,24.0,0.0,6.0,0.0,730.0,0,1,0,0,1,1,0,1,0,0,0,1,0,0,0,0,1
292612,10.0,12684,6.0,2003-09-24,0.0,32.0,1,28.0,0.0,11.0,0.0,3341.0,0,1,0,1,1,0,0,1,0,0,0,1,0,0,0,0,1
284590,6.0,9402,14.0,2002-09-30,0.0,60.0,2,32.0,0.0,12.0,0.0,832.0,0,0,0,0,0,0,0,1,0,0,0,1,0,0,0,0,1
1008870,2.0,10468,3.0,2007-08-30,0.0,89.0,2,9.0,1.0,4.0,0.0,465.0,0,0,0,0,0,0,1,1,0,0,0,1,0,0,0,0,1
313930,8.0,15522,4.0,2006-07-01,0.0,48.0,2,17.0,0.0,5.0,0.0,3862.0,0,1,0,0,1,1,0,1,0,0,0,1,0,0,1,0,0
1023617,3.0,14279,24.0,2009-02-04,1.0,47.0,8,38.0,4.0,10.0,0.0,4657.0,0,1,0,0,1,1,1,1,0,0,0,1,0,0,0,0,1
284488,31.0,12320,16.0,2002-09-26,5.0,84.0,2,71.0,0.0,19.0,0.0,3936.0,0,1,1,0,1,0,0,1,0,0,0,1,0,0,0,0,1
1059093,7.0,24820,6.0,2012-12-18,1.0,5.0,2,16.0,1.0,2.0,0.0,16889.0,0,1,0,0,1,1,1,1,0,0,0,1,0,0,0,0,1
304146,9.0,21253,5.0,2005-03-11,15.0,5.0,1,54.0,0.0,23.0,0.0,4784.0,0,0,0,1,1,0,0,1,0,0,0,1,0,0,0,0,1
308170,1.0,15950,1.0,2005-09-02,1.0,1.0,1,7.0,0.0,3.0,1.0,1719.0,0,1,0,0,1,0,0,1,0,0,1,0,0,1,0,0,0
301729,5.0,18927,3.0,2004-11-02,0.0,15.0,3,16.0,0.0,8.0,0.0,5175.0,0,1,1,0,1,0,0,1,0,0,0,1,0,1,0,0,0
302795,18.0,11683,12.0,2004-12-29,0.0,111.0,1,36.0,0.0,4.0,0.0,2121.0,0,1,0,0,1,0,0,1,0,0,0,1,0,0,0,0,1
1034211,10.0,17225,5.0,2010-03-01,0.0,27.0,1,28.0,2.0,13.0,0.0,5942.0,0,0,0,0,0,0,1,1,0,0,0,1,0,1,0,0,0
1074208,4.0,21256,3.0,2015-03-14,2.0,32.0,2,13.0,1.0,4.0,0.0,10708.0,0,0,0,1,0,0,1,1,0,0,0,1,0,0,1,0,0
1072028,7.0,15643,16.0,2014-10-15,1.0,43.0,6,29.0,0.0,5.0,0.0,5958.0,0,1,0,0,1,1,1,1,0,0,0,1,0,0,1,0,0
1038127,12.0,21016,3.0,2010-07-17,3.0,23.0,2,27.0,1.0,7.0,2.0,11114.0,0,0,0,0,0,0,1,1,0,0,0,1,0,0,0,0,1
1076178,3.0,17719,8.0,2015-07-17,1.0,205.0,4,16.0,0.0,4.0,0.0,5852.0,0,1,0,1,1,1,1,1,0,0,0,1,0,0,0,0,1
314475,5.0,13719,8.0,2006-07-26,0.0,43.0,3,13.0,0.0,0.0,0.0,3025.0,0,1,0,0,1,0,0,0,1,0,0,1,0,0,0,0,1
282125,4.0,19910,0.0,2002-07-06,2.0,7.0,2,10.0,0.0,4.0,0.0,10848.0,0,1,0,1,1,0,0,0,1,0,0,1,0,0,0,0,1
1016396,0.0,14008,0.0,2008-05-09,0.0,18.0,2,1.0,2.0,1.0,0.0,284.0,0,0,0,0,0,0,1,0,1,0,1,0,0,0,1,0,0
1037957,1.0,13338,1.0,2010-07-10,1.0,28.0,2,10.0,0.0,7.0,0.0,4141.0,0,0,0,0,0,0,1,1,0,0,0,1,0,0,0,0,1
270780,2.0,18008,1.0,2001-04-21,1.0,26.0,1,10.0,0.0,5.0,1.0,5605.0,0,0,0,1,0,0,0,1,0,0,0,1,0,0,0,1,0
1010925,5.0,13831,14.0,2007-11-14,0.0,117.0,1,23.0,1.0,3.0,0.0,1479.0,0,1,0,0,1,1,1,1,0,0,0,1,0,1,0,0,0
1040983,8.0,16369,20.0,2010-10-26,2.0,89.0,1,42.0,2.0,11.0,0.0,7519.0,0,1,0,1,1,1,1,1,0,0,0,1,0,0,0,0,1
272398,6.0,14417,11.0,2001-06-22,0.0,41.0,2,27.0,0.0,10.0,0.0,1166.0,0,1,1,1,1,0,0,1,0,0,0,1,0,0,0,0,1
1062464,9.0,22049,1.0,2013-05-24,0.0,22.0,2,20.0,3.0,10.0,0.0,6036.0,0,0,0,0,0,0,1,1,0,0,0,1,0,1,0,0,0
1048592,6.0,10120,21.0,2011-09-16,0.0,147.0,4,35.0,2.0,7.0,0.0,1530.0,0,1,0,0,1,1,1,1,0,0,0,1,0,0,1,0,0
312570,9.0,12898,3.0,2006-04-26,0.0,13.0,1,18.0,0.0,6.0,0.0,2878.0,0,1,1,0,1,0,0,1,0,0,0,1,0,1,0,0,0
302190,1.0,10557,9.0,2004-11-26,0.0,41.0,2,12.0,0.0,2.0,0.0,1250.0,0,1,0,0,1,0,0,1,0,0,0,1,0,0,1,0,0
275541,4.0,11244,3.0,2001-10-15,0.0,14.0,2,9.0,0.0,2.0,0.0,762.0,0,1,0,0,1,0,0,1,0,0,1,0,0,0,1,0,0
277420,5.0,12786,0.0,2002-01-03,2.0,31.0,1,10.0,0.0,3.0,0.0,2557.0,0,0,0,0,0,0,0,1,0,0,0,1,0,0,1,0,0
1051086,1.0,15344,0.0,2012-01-05,0.0,29.0,1,4.0,1.0,3.0,0.0,1529.0,0,0,0,0,0,0,1,0,1,0,1,0,0,1,0,0,0
1052512,62.0,17947,14.0,2012-03-12,7.0,96.0,3,117.0,1.0,34.0,0.0,8477.0,0,0,0,1,0,0,1,1,0,0,0,1,0,0,0,0,1
1032561,5.0,11671,5.0,2009-12-15,0.0,125.0,5,13.0,1.0,3.0,0.0,1471.0,0,1,0,0,1,1,1,1,0,0,0,1,0,1,0,0,0
1021607,5.0,10176,6.0,2008-11-11,0.0,94.0,2,11.0,2.0,0.0,0.0,1170.0,0,1,0,0,1,0,1,1,0,0,0,1,0,0,1,0,0
290499,1.0,19163,1.0,2003-06-30,1.0,15.0,2,11.0,0.0,8.0,0.0,3245.0,0,1,0,0,1,0,0,1,0,0,0,1,0,0,0,0,1
299787,0.0,14827,0.0,2004-08-05,1.0,28.0,1,6.0,0.0,4.0,0.0,1767.0,0,0,0,0,0,0,0,1,0,0,0,1,0,1,0,0,0
1017896,1.0,21002,0.0,2008-07-03,2.0,10.0,2,10.0,1.0,7.0,0.0,7177.0,0,0,0,0,0,0,1,1,0,0,0,1,0,0,1,0,0
1052050,2.0,15390,8.0,2012-02-22,1.0,182.0,4,17.0,2.0,6.0,0.0,3857.0,0,1,1,0,1,0,1,1,0,0,0,1,0,0,0,0,1
1017639,3.0,11856,8.0,2008-06-25,0.0,88.0,2,15.0,1.0,4.0,0.0,1695.0,0,0,0,0,0,0,1,0,1,0,0,1,0,0,0,0,1
1074911,1.0,22763,2.0,2015-04-29,0.0,22.0,2,16.0,2.0,13.0,0.0,5245.0,0,0,0,0,0,0,1,1,0,0,0,1,0,1,0,0,0
1041051,5.0,16371,1.0,2010-10-28,0.0,40.0,2,10.0,2.0,4.0,0.0,5869.0,0,1,1,1,1,0,1,1,0,0,0,1,0,0,0,0,1
278510,1.0,13930,3.0,2002-02-20,0.0,13.0,1,10.0,0.0,6.0,0.0,5427.0,0,1,0,1,1,0,0,1,0,0,1,0,0,0,1,0,0
274191,15.0,14114,7.0,2001-08-23,6.0,29.0,3,44.0,0.0,15.0,0.0,2453.0,0,1,0,0,0,0,0,0,1,0,0,1,0,1,0,0,0
1049200,13.0,13063,3.0,2011-10-11,2.0,45.0,1,20.0,2.0,2.0,0.0,2020.0,0,1,1,0,1,0,1,1,0,0,0,1,0,0,0,0,1
1045297,7.0,13643,7.0,2011-05-10,1.0,158.0,1,25.0,2.0,10.0,0.0,2661.0,0,0,0,0,0,0,1,0,1,0,0,1,0,0,0,0,1
1070941,9.0,17753,2.0,2014-08-12,0.0,98.0,2,19.0,2.0,6.0,0.0,2932.0,0,1,1,1,1,0,1,1,0,0,0,1,0,0,0,0,1
309707,20.0,14928,2.0,2005-11-17,3.0,20.0,2,31.0,0.0,5.0,1.0,5291.0,0,0,0,0,0,0,0,1,0,0,0,1,0,0,0,0,1
1000976,4.0,12287,2.0,2006-11-02,0.0,90.0,2,7.0,4.0,1.0,0.0,1710.0,0,1,0,0,1,0,0,1,0,0,0,1,0,0,0,0,1
1072171,14.0,15012,15.0,2014-10-22,0.0,93.0,3,31.0,2.0,2.0,0.0,6031.0,0,1,0,0,1,1,1,1,0,0,0,1,0,0,0,0,1
1024998,5.0,13964,9.0,2009-03-26,0.0,63.0,2,22.0,1.0,8.0,0.0,3146.0,0,1,0,0,0,0,1,1,0,0,0,1,0,0,1,0,0
C269408,6.0,10613,1.0,2001-02-23,2.0,18.0,2,17.0,0.0,6.0,0.0,1539.0,0,0,0,0,0,0,0,0,0,1,0,1,0,1,0,0,0
1060306,0.0,17584,2.0,2013-02-22,0.0,16.0,3,4.0,9.0,2.0,0.0,7221.0,0,1,1,0,1,0,1,1,0,0,0,1,0,0,0,0,1
1029633,1.0,18137,3.0,2009-08-28,0.0,47.0,2,11.0,1.0,7.0,0.0,3924.0,0,0,0,0,0,0,1,1,0,0,1,0,0,0,1,0,0
290075,9.0,10022,12.0,2003-06-11,0.0,124.0,2,26.0,0.0,5.0,0.0,1030.0,0,1,0,0,1,1,0,1,0,0,0,1,0,0,0,0,1
1052207,3.0,12476,4.0,2012-02-29,0.0,94.0,2,10.0,3.0,3.0,0.0,3956.0,0,0,0,1,0,0,1,1,0,0,0,1,0,0,0,0,1
1041140,5.0,11626,10.0,2010-11-01,0.0,117.0,5,17.0,2.0,2.0,0.0,2225.0,0,1,1,0,1,0,1,1,0,0,0,1,0,0,0,0,1
277874,29.0,13525,17.0,2002-01-24,3.0,33.0,4,61.0,0.0,12.0,0.0,3694.0,0,1,0,0,0,0,0,1,0,0,0,1,0,0,1,0,0
299798,8.0,13726,43.0,2004-08-05,2.0,129.0,3,68.0,0.0,15.0,0.0,2224.0,0,1,0,0,1,0,0,1,0,0,0,1,0,0,0,0,1
283828,1.0,13029,1.0,2002-09-03,0.0,8.0,2,5.0,0.0,3.0,0.0,2612.0,0,0,0,0,0,0,0,1,0,0,1,0,0,0,1,0,0
1004348,16.0,17979,5.0,2007-03-24,5.0,22.0,1,39.0,4.0,12.0,0.0,8881.0,0,1,1,1,1,0,0,1,0,0,0,1,0,0,0,0,1
1033649,28.0,16836,4.0,2010-02-04,6.0,13.0,2,62.0,1.0,24.0,0.0,7345.0,0,1,0,0,0,0,1,1,0,0,1,0,0,1,0,0,0
270015,3.0,17611,2.0,2001-03-22,3.0,76.0,1,12.0,0.0,4.0,0.0,7366.0,0,0,0,1,0,0,0,1,0,0,0,1,0,0,0,0,1
1042857,0.0,13898,2.0,2011-01-20,0.0,95.0,3,6.0,1.0,4.0,0.0,1872.0,0,0,0,0,0,0,1,1,0,0,0,1,0,0,1,0,0
C268301,8.0,11692,6.0,2001-01-05,0.0,45.0,2,18.0,0.0,4.0,0.0,1614.0,0,0,0,0,0,0,0,0,0,1,0,1,0,0,0,0,1
1003920,8.0,13214,14.0,2007-03-08,1.0,125.0,2,31.0,1.0,6.0,0.0,2655.0,0,0,0,0,0,0,0,1,0,0,0,1,0,0,1,0,0
1042562,20.0,19000,13.0,2011-01-08,6.0,28.0,3,93.0,0.0,54.0,0.0,9049.0,0,0,0,0,0,0,1,1,0,0,0,1,0,1,0,0,0
1076239,3.0,14077,7.0,2015-07-21,0.0,87.0,1,11.0,1.0,1.0,0.0,3463.0,0,1,0,1,1,1,1,1,0,0,0,1,0,0,0,0,1
1070407,1.0,21350,2.0,2014-07-17,0.0,55.0,7,7.0,1.0,4.0,0.0,5298.0,0,1,0,0,1,1,1,1,0,0,0,1,0,0,1,0,0
1012988,3.0,11684,4.0,2007-12-30,0.0,81.0,2,10.0,1.0,3.0,0.0,2433.0,0,1,0,0,0,0,1,1,0,0,0,1,0,0,0,0,1
1020222,5.0,13957,13.0,2008-09-23,0.0,47.0,2,22.0,0.0,4.0,0.0,3880.0,0,1,0,0,1,1,1,1,0,0,0,1,0,0,0,0,1
1020130,9.0,18136,1.0,2008-09-19,4.0,12.0,1,24.0,4.0,10.0,0.0,8318.0,0,0,0,0,0,0,1,1,0,0,0,1,0,1,0,0,0
1042950,8.0,10595,14.0,2011-01-25,0.0,103.0,3,30.0,2.0,8.0,0.0,1926.0,0,1,0,0,1,1,1,1,0,0,0,1,0,0,0,0,1
1004594,9.0,14307,5.0,2007-04-02,0.0,29.0,4,16.0,5.0,2.0,0.0,5557.0,0,1,1,0,1,0,0,1,0,0,0,1,0,0,0,0,1
1041926,4.0,12027,5.0,2010-12-07,0.0,67.0,3,14.0,2.0,4.0,0.0,3709.0,0,1,0,1,1,1,1,1,0,0,0,1,0,0,0,0,1
302957,21.0,12059,12.0,2005-01-06,1.0,93.0,2,42.0,0.0,7.0,0.0,2957.0,0,1,0,0,1,1,0,1,0,0,0,1,0,0,0,0,1
1055068,1.0,14748,7.0,2012-06-26,3.0,128.0,14,16.0,0.0,5.0,0.0,2026.0,0,1,0,0,1,0,1,1,0,0,0,1,0,1,0,0,0
1014663,6.0,11751,11.0,2008-03-04,0.0,165.0,2,24.0,1.0,5.0,1.0,442.0,0,0,0,0,0,0,1,1,0,0,0,1,0,0,0,0,1
1069388,0.0,11793,5.0,2014-05-25,0.0,104.0,2,6.0,2.0,1.0,0.0,3152.0,0,1,0,1,0,0,1,1,0,0,1,0,0,0,0,0,1
1049392,0.0,11235,5.0,2011-10-18,0.0,78.0,12,6.0,6.0,0.0,1.0,1235.0,0,1,0,0,1,1,1,1,0,0,0,1,1,0,0,0,0
1033647,1.0,20846,2.0,2010-02-04,0.0,20.0,2,8.0,3.0,5.0,0.0,3454.0,0,0,0,0,0,0,1,1,0,0,1,0,0,0,0,0,1
286300,1.0,9110,2.0,2002-12-11,0.0,30.0,2,13.0,0.0,10.0,0.0,723.0,0,0,0,1,0,0,0,1,0,0,0,1,0,0,0,0,1
1027702,0.0,14421,5.0,2009-06-27,0.0,88.0,4,6.0,1.0,1.0,0.0,2251.0,0,1,0,0,1,1,1,1,0,0,0,1,0,1,0,0,0
310300,4.0,16058,14.0,2005-12-26,0.0,87.0,2,26.0,0.0,7.0,0.0,2373.0,0,1,0,0,1,1,0,1,0,0,0,1,0,1,0,0,0
292162,9.0,15590,5.0,2003-09-08,4.0,46.0,1,36.0,0.0,18.0,0.0,4492.0,0,1,0,0,1,0,0,1,0,0,0,1,0,0,0,0,1
314027,3.0,12225,5.0,2006-07-06,0.0,71.0,2,17.0,0.0,9.0,0.0,2936.0,0,1,0,0,0,0,0,1,0,0,0,1,0,0,0,0,1
1007890,10.0,15545,14.0,2007-07-26,3.0,87.0,5,33.0,1.0,5.0,0.0,3887.0,0,1,0,0,1,1,1,1,0,0,0,1,0,0,0,0,1
1044638,5.0,12883,9.0,2011-04-11,0.0,38.0,2,22.0,2.0,8.0,0.0,1574.0,0,0,0,0,0,0,1,1,0,0,0,1,0,0,0,0,1
293563,0.0,9438,2.0,2003-11-04,0.0,78.0,2,6.0,0.0,4.0,0.0,372.0,0,0,0,0,0,0,0,1,0,0,0,1,1,0,0,0,0
274813,4.0,14502,5.0,2001-09-17,4.0,20.0,4,17.0,0.0,4.0,0.0,5381.0,0,1,0,1,1,1,0,1,0,0,0,1,0,0,0,0,1
294096,4.0,18956,4.0,2003-11-26,3.0,22.0,3,17.0,0.0,6.0,0.0,6315.0,0,1,0,0,1,1,0,1,0,0,0,1,0,1,0,0,0
299000,6.0,15877,3.0,2004-06-30,0.0,23.0,1,26.0,0.0,16.0,0.0,5201.0,0,0,0,0,0,0,0,1,0,0,0,1,1,0,0,0,0
1020184,2.0,15967,19.0,2008-09-21,0.0,29.0,7,26.0,4.0,4.0,0.0,5415.0,0,1,0,1,1,1,1,1,0,0,0,1,0,0,0,0,1
1004131,3.0,15048,1.0,2007-03-15,0.0,44.0,1,11.0,1.0,6.0,0.0,2782.0,0,0,0,0,0,0,0,1,0,0,0,1,0,0,0,0,1
305824,13.0,16214,4.0,2005-05-25,0.0,90.0,7,24.0,0.0,6.0,0.0,6616.0,0,1,0,1,1,0,0,1,0,0,0,1,0,0,0,0,1
1058489,5.0,13836,7.0,2012-11-18,0.0,65.0,4,16.0,1.0,3.0,0.0,5277.0,0,1,0,0,1,1,1,1,0,0,0,1,0,0,0,0,1
268627,0.0,10246,1.0,2001-01-20,0.0,8.0,3,3.0,0.0,2.0,0.0,579.0,0,0,0,0,0,0,0,1,0,0,0,1,0,1,0,0,0
1013589,6.0,13535,4.0,2008-01-22,1.0,110.0,22,17.0,2.0,6.0,0.0,1877.0,0,1,0,0,1,1,1,1,0,0,0,1,0,0,0,0,1
291905,6.0,19592,5.0,2003-08-27,0.0,3.0,1,19.0,0.0,6.0,2.0,11716.0,0,0,0,0,0,0,0,1,0,0,0,1,0,0,1,0,0
C270810,1.0,10339,3.0,2001-04-23,0.0,53.0,5,17.0,1.0,11.0,0.0,1029.0,0,1,0,0,1,1,0,1,0,0,0,1,0,1,0,0,0
272404,11.0,9301,16.0,2001-06-22,1.0,157.0,3,37.0,0.0,8.0,0.0,603.0,0,1,0,0,1,0,0,1,0,0,0,1,0,0,1,0,0
271414,22.0,19128,1.0,2001-05-16,1.0,14.0,1,39.0,0.0,15.0,0.0,10809.0,0,0,0,0,0,0,0,1,0,0,0,1,0,0,0,0,1
1021085,1.0,17097,7.0,2008-10-23,0.0,37.0,2,18.0,1.0,10.0,0.0,4126.0,0,0,0,1,0,0,1,1,0,0,0,1,0,0,0,0,1
1054226,3.0,12926,6.0,2012-05-23,1.0,119.0,2,14.0,1.0,4.0,0.0,2312.0,0,1,0,0,1,1,1,1,0,0,0,1,0,0,1,0,0
1032342,1.0,14944,6.0,2009-12-07,0.0,80.0,2,11.0,2.0,4.0,0.0,3641.0,0,1,0,0,1,1,1,0,1,0,0,1,0,0,0,0,1
1063872,0.0,11895,2.0,2013-07-29,0.0,60.0,2,3.0,2.0,1.0,0.0,2861.0,0,0,0,0,0,0,1,1,0,0,0,1,0,0,0,0,1
312995,14.0,12041,14.0,2006-05-16,1.0,84.0,2,36.0,0.0,7.0,0.0,2765.0,0,0,0,0,0,0,0,1,0,0,0,1,0,0,1,0,0
301046,10.0,10013,4.0,2004-10-01,1.0,45.0,1,21.0,0.0,5.0,1.0,582.0,0,1,1,0,1,0,0,1,0,0,0,1,0,0,1,0,0
1048433,6.0,11210,1.0,2011-09-12,1.0,125.0,2,9.0,1.0,1.0,0.0,2477.0,0,0,0,0,0,0,1,1,0,0,0,1,0,0,1,0,0
1039512,3.0,17046,9.0,2010-09-02,5.0,96.0,23,25.0,6.0,8.0,0.0,5813.0,0,1,0,0,0,0,1,1,0,0,1,0,0,0,0,0,1
274528,7.0,16685,13.0,2001-09-06,1.0,16.0,4,27.0,0.0,6.0,0.0,5694.0,0,1,0,0,1,1,0,1,0,0,0,1,0,1,0,0,0
1012981,4.0,15702,0.0,2007-12-29,1.0,24.0,2,14.0,1.0,9.0,0.0,5129.0,0,0,0,0,0,0,1,1,0,0,1,0,0,1,0,0,0
277237,3.0,9854,8.0,2001-12-24,0.0,42.0,2,16.0,0.0,5.0,0.0,791.0,0,1,0,0,1,1,0,1,0,0,0,1,0,0,0,0,1
1005997,10.0,13657,21.0,2007-05-24,5.0,32.0,1,42.0,1.0,6.0,0.0,3853.0,0,0,0,0,0,0,0,1,0,0,0,1,0,0,0,0,1
305123,15.0,13628,20.0,2005-04-25,1.0,70.0,3,53.0,0.0,17.0,0.0,4591.0,0,1,0,1,1,0,0,1,0,0,0,1,0,0,0,0,1
295767,3.0,10997,6.0,2004-02-11,0.0,52.0,4,11.0,0.0,2.0,0.0,897.0,0,1,1,0,1,0,0,1,0,0,0,1,0,0,0,0,1
1026339,7.0,13277,7.0,2009-05-13,1.0,111.0,14,18.0,2.0,2.0,0.0,1587.0,0,1,0,1,1,1,1,1,0,0,0,1,0,0,1,0,0
1057516,1.0,11230,4.0,2012-10-03,0.0,75.0,2,7.0,2.0,1.0,0.0,760.0,0,1,0,0,0,0,1,1,0,0,0,1,0,0,1,0,0
292758,10.0,9038,7.0,2003-09-30,0.0,38.0,1,27.0,0.0,8.0,0.0,764.0,0,1,0,0,1,0,0,1,0,0,0,1,0,0,0,0,1
296624,16.0,18340,9.0,2004-03-19,2.0,65.0,10,32.0,0.0,5.0,0.0,6367.0,0,0,0,0,0,0,0,1,0,0,0,1,0,0,1,0,0
1030819,20.0,13063,24.0,2009-10-08,1.0,223.0,2,57.0,2.0,12.0,0.0,2753.0,0,1,1,0,1,0,1,1,0,0,0,1,0,0,0,0,1
274119,9.0,12646,16.0,2001-08-21,5.0,47.0,3,35.0,0.0,5.0,0.0,3711.0,0,1,0,0,1,0,0,1,0,0,0,1,0,0,1,0,0
295426,7.0,13174,10.0,2004-01-27,1.0,56.0,1,20.0,0.0,2.0,0.0,2506.0,0,1,0,0,0,0,0,1,0,0,0,1,0,0,0,0,1
290553,0.0,13696,1.0,2003-07-02,2.0,12.0,2,18.0,0.0,15.0,0.0,4216.0,0,1,0,0,0,0,0,1,0,0,1,0,0,1,0,0,0
275356,4.0,10504,5.0,2001-10-06,0.0,26.0,8,15.0,0.0,5.0,1.0,1915.0,0,1,0,1,1,1,0,1,0,0,0,1,0,0,1,0,0
287203,2.0,15729,4.0,2003-01-24,0.0,43.0,1,12.0,0.0,6.0,0.0,1970.0,0,0,0,0,0,0,0,1,0,0,1,0,0,0,0,0,1
1049591,2.0,16360,2.0,2011-10-26,0.0,38.0,1,6.0,1.0,2.0,0.0,2212.0,0,0,0,0,0,0,1,1,0,0,0,1,0,0,0,1,0
1067340,12.0,17566,15.0,2014-02-04,1.0,66.0,1,33.0,2.0,5.0,0.0,5776.0,0,1,0,0,1,0,1,1,0,0,0,1,0,1,0,0,0
1069232,11.0,19494,23.0,2014-05-17,4.0,115.0,2,50.0,4.0,11.0,0.0,7291.0,0,1,0,0,0,0,1,1,0,0,0,1,0,0,1,0,0
269693,5.0,21251,0.0,2001-03-08,1.0,5.0,1,12.0,0.0,6.0,0.0,10244.0,0,1,0,0,1,0,0,1,0,0,0,1,0,0,1,0,0
290089,0.0,10754,0.0,2003-06-12,0.0,18.0,2,2.0,0.0,2.0,0.0,1690.0,0,0,0,0,0,0,0,1,0,0,0,1,0,0,1,0,0
288615,2.0,17989,1.0,2003-04-05,2.0,5.0,1,18.0,0.0,13.0,0.0,7969.0,0,1,1,0,1,0,0,1,0,0,0,1,0,0,0,0,1
280600,23.0,11456,24.0,2002-05-14,0.0,125.0,4,67.0,0.0,20.0,0.0,1415.0,0,1,0,0,1,1,0,1,0,0,0,1,0,0,0,0,1
309317,4.0,9793,7.0,2005-10-26,0.0,137.0,2,20.0,0.0,9.0,0.0,1407.0,0,0,0,1,0,0,0,1,0,0,0,1,0,0,0,0,1
1009088,0.0,9376,0.0,2007-09-07,0.0,72.0,2,2.0,1.0,2.0,0.0,259.0,0,0,0,1,0,0,1,1,0,0,0,1,0,0,0,0,1
288508,18.0,12506,15.0,2003-03-30,0.0,148.0,3,38.0,0.0,5.0,0.0,3254.0,0,1,0,0,1,1,0,1,0,0,0,1,0,0,0,0,1
1058095,6.0,16006,3.0,2012-10-29,0.0,83.0,3,15.0,1.0,6.0,0.0,5067.0,0,1,0,0,1,1,1,1,0,0,0,1,0,0,1,0,0
1045576,4.0,22054,1.0,2011-05-21,2.0,6.0,2,20.0,4.0,10.0,0.0,9104.0,0,0,0,0,0,0,1,1,0,0,1,0,0,0,0,0,1
299037,0.0,17349,0.0,2004-07-02,0.0,22.0,2,4.0,0.0,4.0,0.0,1586.0,0,0,0,0,0,0,0,0,1,0,1,0,0,1,0,0,0
283637,4.0,13019,6.0,2002-08-27,0.0,46.0,4,14.0,0.0,4.0,0.0,4140.0,0,1,0,1,1,1,0,1,0,0,0,1,0,0,0,0,1
1053389,13.0,19830,3.0,2012-04-17,2.0,24.0,3,33.0,1.0,14.0,0.0,6161.0,0,0,0,0,0,0,1,1,0,0,1,0,0,1,0,0,0
307350,4.0,10069,12.0,2005-07-28,1.0,107.0,2,24.0,0.0,3.0,0.0,548.0,0,0,0,0,0,0,0,1,0,0,0,1,0,0,1,0,0
283303,15.0,13373,11.0,2002-08-15,3.0,37.0,2,38.0,0.0,9.0,0.0,3536.0,0,1,0,0,1,0,0,1,0,0,0,1,0,0,0,0,1
1034009,3.0,10227,7.0,2010-02-19,0.0,173.0,2,12.0,6.0,1.0,0.0,1529.0,0,1,0,1,1,1,1,1,0,0,0,1,0,0,0,0,1
1019494,6.0,13537,1.0,2008-08-28,0.0,23.0,3,15.0,1.0,8.0,0.0,3573.0,0,0,0,0,0,0,1,1,0,0,0,1,0,1,0,0,0
1005548,1.0,14372,0.0,2007-05-08,1.0,124.0,2,8.0,1.0,6.0,0.0,2661.0,0,0,0,1,0,0,0,1,0,0,0,1,0,0,0,0,1
1042249,2.0,14231,1.0,2010-12-23,0.0,44.0,2,10.0,1.0,7.0,0.0,3652.0,0,0,0,0,0,0,1,1,0,0,0,1,0,0,1,0,0
281910,17.0,12228,17.0,2002-06-28,2.0,5.0,6,43.0,0.0,6.0,1.0,2912.0,0,1,0,0,1,1,0,1,0,0,0,1,0,0,0,0,1
1054187,2.0,11830,1.0,2012-05-22,2.0,60.0,4,7.0,2.0,2.0,0.0,888.0,0,1,1,0,1,0,1,1,0,0,0,1,0,0,1,0,0
283396,8.0,11173,8.0,2002-08-19,0.0,69.0,1,17.0,0.0,1.0,0.0,2071.0,0,1,0,1,1,1,0,1,0,0,0,1,0,0,0,0,1
1027474,3.0,14767,3.0,2009-06-19,0.0,75.0,1,7.0,2.0,1.0,0.0,1686.0,0,1,0,0,1,0,1,1,0,0,0,1,0,0,0,0,1
282450,14.0,14076,7.0,2002-07-17,0.0,63.0,6,28.0,0.0,7.0,0.0,2171.0,0,0,0,0,0,0,0,1,0,0,0,1,0,1,0,0,0
1044986,4.0,16186,4.0,2011-04-27,0.0,72.0,3,11.0,12.0,3.0,0.0,5041.0,0,1,1,0,1,0,1,1,0,0,0,1,0,0,0,0,1
285332,5.0,10515,14.0,2002-10-28,0.0,65.0,2,24.0,0.0,5.0,0.0,1591.0,0,0,0,0,0,0,0,1,0,0,1,0,0,0,0,0,1
276088,26.0,16746,7.0,2001-11-06,2.0,10.0,1,54.0,0.0,18.0,0.0,2618.0,0,1,0,0,1,0,0,1,0,0,0,1,0,0,0,0,1
284658,0.0,14519,1.0,2002-10-03,0.0,23.0,3,8.0,0.0,7.0,0.0,464.0,0,0,0,0,0,0,0,1,0,0,1,0,0,1,0,0,0
1042079,0.0,12398,0.0,2010-12-14,0.0,40.0,1,4.0,1.0,4.0,0.0,2932.0,0,0,0,0,0,0,1,1,0,0,0,1,0,0,0,0,1
289065,6.0,13264,14.0,2003-04-27,4.0,26.0,5,36.0,0.0,12.0,0.0,3862.0,0,0,0,0,0,0,0,1,0,0,0,1,0,0,1,0,0
303646,25.0,13783,10.0,2005-02-10,1.0,43.0,2,45.0,0.0,7.0,0.0,3114.0,0,1,0,1,1,0,0,1,0,0,0,1,0,1,0,0,0
1023301,10.0,18649,3.0,2009-01-22,4.0,40.0,1,38.0,2.0,21.0,0.0,8466.0,0,0,0,1,0,0,1,1,0,0,0,1,0,1,0,0,0
1023048,0.0,9870,4.0,2009-01-11,0.0,33.0,2,8.0,10.0,4.0,0.0,774.0,0,0,0,1,0,0,1,1,0,0,1,0,0,0,1,0,0
1036273,38.0,14740,18.0,2010-05-14,10.0,61.0,1,95.0,1.0,28.0,0.0,6721.0,0,1,0,0,1,1,1,1,0,0,0,1,0,0,1,0,0
271844,5.0,18414,1.0,2001-06-02,1.0,10.0,1,17.0,0.0,10.0,0.0,10420.0,0,0,0,0,0,0,0,1,0,0,0,1,0,0,0,0,1
1067933,0.0,13583,0.0,2014-03-11,0.0,10.0,4,1.0,2.0,1.0,0.0,281.0,0,1,0,0,0,0,1,1,0,0,0,1,0,0,1,0,0
1065916,2.0,13823,5.0,2013-11-06,0.0,67.0,2,10.0,2.0,3.0,0.0,2962.0,0,1,0,0,1,1,1,1,0,0,0,1,0,0,1,0,0
269524,20.0,12110,12.0,2001-03-01,3.0,44.0,2,44.0,0.0,8.0,0.0,3343.0,0,1,0,0,1,0,0,0,1,0,0,1,0,0,0,0,1
281145,5.0,16223,4.0,2002-06-02,3.0,27.0,2,24.0,0.0,12.0,0.0,4955.0,0,0,0,1,0,0,0,1,0,0,0,1,1,0,0,0,0
277840,13.0,12074,7.0,2002-01-23,2.0,31.0,4,43.0,0.0,21.0,0.0,2731.0,0,1,0,1,1,1,0,1,0,0,0,1,0,0,0,0,1
286884,10.0,9823,7.0,2003-01-08,0.0,151.0,4,21.0,0.0,4.0,0.0,656.0,0,1,0,0,1,1,0,1,0,0,0,1,0,0,1,0,0
1078667,1.0,12050,0.0,2015-12-30,0.0,21.0,2,4.0,1.0,2.0,0.0,1275.0,0,0,0,1,0,0,1,1,0,0,0,1,0,0,1,0,0
274291,5.0,11197,7.0,2001-08-28,1.0,81.0,1,17.0,0.0,4.0,0.0,638.0,0,1,0,0,1,0,0,1,0,0,0,1,0,0,0,0,1
1027785,5.0,11867,3.0,2009-06-29,0.0,146.0,2,11.0,2.0,3.0,0.0,2953.0,0,1,0,1,1,0,1,1,0,0,0,1,0,0,0,0,1
295684,17.0,15011,7.0,2004-02-06,2.0,58.0,1,50.0,0.0,23.0,0.0,4911.0,0,1,0,1,1,0,0,1,0,0,0,1,0,0,1,0,0
1002186,9.0,11673,13.0,2006-12-22,0.0,85.0,2,32.0,1.0,10.0,0.0,2001.0,0,0,0,0,0,0,0,1,0,0,1,0,0,0,0,0,1
290353,5.0,22817,1.0,2003-06-24,0.0,10.0,5,14.0,0.0,8.0,0.0,13782.0,0,1,0,1,1,0,0,0,1,0,0,1,0,0,0,0,1
300166,4.0,12288,8.0,2004-08-23,0.0,75.0,2,15.0,0.0,3.0,0.0,1470.0,0,1,0,1,1,1,0,1,0,0,0,1,0,0,0,0,1
1047800,13.0,13011,2.0,2011-08-17,0.0,37.0,7,18.0,2.0,2.0,0.0,3242.0,0,1,1,0,1,0,1,1,0,0,0,1,0,0,1,0,0
1031740,6.0,17481,9.0,2009-11-11,0.0,60.0,7,16.0,2.0,1.0,0.0,4622.0,0,1,0,0,1,1,1,1,0,0,1,0,0,1,0,0,0
1030870,18.0,15985,25.0,2009-10-10,1.0,77.0,10,56.0,2.0,10.0,0.0,4195.0,0,1,0,0,1,1,1,1,0,0,0,1,0,0,0,0,1
1015589,3.0,12149,0.0,2008-04-08,0.0,17.0,1,5.0,1.0,2.0,0.0,3401.0,0,0,0,1,0,0,1,1,0,0,0,1,0,0,0,0,1
1003587,2.0,12419,5.0,2007-02-22,0.0,37.0,2,10.0,0.0,3.0,0.0,1475.0,0,1,0,0,1,1,0,1,0,0,0,1,0,0,0,0,1
269886,1.0,18326,0.0,2001-03-16,0.0,21.0,2,2.0,0.0,1.0,0.0,3171.0,0,1,0,0,1,0,0,1,0,0,0,1,0,0,0,0,1
1056392,2.0,11918,2.0,2012-08-18,0.0,45.0,2,11.0,2.0,6.0,0.0,2182.0,0,0,0,1,0,0,1,1,0,0,0,1,0,0,0,0,1
1026620,3.0,19130,7.0,2009-05-22,0.0,39.0,10,12.0,2.0,2.0,0.0,8372.0,0,1,0,0,1,1,1,1,0,0,0,1,0,0,0,0,1
1059738,1.0,12802,6.0,2013-01-25,1.0,162.0,8,17.0,1.0,8.0,0.0,3435.0,0,1,0,0,1,1,1,1,0,0,0,1,0,1,0,0,0
282340,14.0,9323,10.0,2002-07-13,0.0,99.0,2,37.0,0.0,13.0,0.0,753.0,0,0,0,0,0,0,0,1,0,0,0,1,0,0,0,0,1
1053073,4.0,12145,6.0,2012-04-04,1.0,126.0,3,18.0,1.0,7.0,0.0,2261.0,0,1,0,0,1,1,1,1,0,0,0,1,0,0,1,0,0
1002879,0.0,13977,3.0,2007-01-22,1.0,47.0,3,6.0,0.0,2.0,0.0,4870.0,0,1,0,0,1,1,0,1,0,0,0,1,0,0,0,0,1
1000635,5.0,19650,4.0,2006-10-20,2.0,25.0,1,28.0,1.0,17.0,0.0,7837.0,0,1,0,1,1,0,0,1,0,0,0,1,0,0,0,0,1
1071344,2.0,16315,8.0,2014-09-03,0.0,155.0,2,13.0,2.0,2.0,0.0,2815.0,0,1,0,0,1,1,1,1,0,0,0,1,0,1,0,0,0
1038600,14.0,19207,6.0,2010-08-04,3.0,14.0,1,35.0,1.0,12.0,0.0,8695.0,0,0,0,1,0,0,1,1,0,0,0,1,0,1,0,0,0
1024363,6.0,11384,10.0,2009-03-03,0.0,62.0,2,20.0,2.0,4.0,0.0,2381.0,0,1,0,0,1,1,1,1,0,0,0,1,0,0,1,0,0
290803,23.0,18089,3.0,2003-07-12,1.0,14.0,1,55.0,0.0,27.0,0.0,6116.0,0,1,0,0,1,0,0,1,0,0,0,1,0,0,0,0,1
272579,14.0,17344,4.0,2001-06-28,0.0,7.0,2,29.0,0.0,11.0,0.0,4804.0,0,1,0,0,0,0,0,1,0,0,0,1,0,0,0,0,1
1015995,6.0,15452,2.0,2008-04-23,1.0,14.0,1,24.0,1.0,15.0,0.0,5104.0,0,1,0,0,0,0,1,1,0,0,0,1,0,1,0,0,0
1031162,20.0,15268,5.0,2009-10-21,1.0,23.0,2,40.0,3.0,13.0,0.0,6501.0,0,0,0,1,0,0,1,1,0,0,0,1,0,0,0,0,1
1007662,3.0,12972,2.0,2007-07-18,1.0,64.0,12,11.0,1.0,5.0,0.0,1014.0,0,0,0,1,0,0,1,1,0,0,0,1,0,1,0,0,0
1017479,0.0,18428,0.0,2008-06-19,1.0,17.0,1,10.0,1.0,9.0,0.0,5031.0,0,0,0,0,0,0,1,1,0,0,1,0,0,0,0,0,1
298466,2.0,19146,3.0,2004-06-06,2.0,23.0,1,11.0,0.0,4.0,0.0,9921.0,0,1,0,0,0,0,0,1,0,0,0,1,0,0,0,0,1
282862,2.0,12264,3.0,2002-07-31,1.0,21.0,2,7.0,0.0,1.0,0.0,2732.0,0,1,0,0,1,1,0,1,0,0,0,1,0,0,1,0,0
1076738,1.0,13742,7.0,2015-08-17,0.0,119.0,3,10.0,4.0,1.0,0.0,4312.0,0,1,0,0,1,1,1,1,0,0,0,1,0,0,0,0,1
310159,10.0,10574,3.0,2005-12-15,2.0,36.0,2,29.0,0.0,14.0,0.0,1822.0,0,1,1,0,1,0,0,1,0,0,0,1,0,0,0,0,1
1053780,3.0,15464,12.0,2012-05-04,0.0,79.0,3,22.0,2.0,7.0,0.0,5058.0,0,0,0,1,0,0,1,1,0,0,0,1,0,0,1,0,0
1022404,0.0,10207,2.0,2008-12-12,0.0,118.0,4,7.0,1.0,5.0,0.0,1509.0,0,1,0,0,1,1,1,1,0,0,0,1,0,0,0,0,1
297193,25.0,13560,10.0,2004-04-14,1.0,43.0,1,45.0,0.0,7.0,0.0,2891.0,0,1,1,1,1,0,0,1,0,0,0,1,0,1,0,0,0
307091,5.0,10423,8.0,2005-07-18,0.0,72.0,3,14.0,0.0,1.0,0.0,1671.0,0,1,1,0,1,0,0,1,0,0,0,1,0,0,0,0,1
1025765,8.0,15817,15.0,2009-04-23,2.0,59.0,1,39.0,2.0,13.0,0.0,4250.0,0,0,0,0,0,0,1,1,0,0,0,1,0,0,0,0,1
286706,13.0,10957,26.0,2003-01-01,2.0,137.0,4,49.0,0.0,6.0,0.0,2480.0,0,1,0,1,1,1,0,1,0,0,0,1,0,0,1,0,0
1015926,2.0,12894,5.0,2008-04-21,0.0,100.0,5,8.0,2.0,1.0,0.0,2429.0,0,1,1,0,1,0,1,1,0,0,0,1,0,0,1,0,0
1072282,4.0,13449,12.0,2014-10-29,1.0,107.0,9,24.0,3.0,3.0,0.0,3928.0,0,1,0,0,1,1,1,1,0,0,0,1,0,0,1,0,0
1061637,3.0,18008,2.0,2013-04-21,1.0,10.0,2,9.0,1.0,3.0,0.0,6838.0,0,1,1,0,1,0,1,1,0,0,0,1,0,0,0,0,1
1076058,7.0,19546,10.0,2015-07-08,0.0,49.0,2,23.0,2.0,6.0,0.0,7646.0,0,1,0,0,1,0,1,1,0,0,0,1,0,0,0,0,1
1010849,6.0,20035,7.0,2007-11-12,4.0,29.0,12,23.0,2.0,5.0,0.0,11267.0,0,1,0,1,1,1,1,1,0,0,0,1,0,0,0,0,1
286208,8.0,14949,1.0,2002-12-06,0.0,46.0,3,11.0,0.0,1.0,0.0,5989.0,0,1,1,1,1,0,0,1,0,0,0,1,0,0,0,0,1
1014333,16.0,12257,24.0,2008-02-20,2.0,89.0,2,50.0,4.0,7.0,0.0,2850.0,0,1,0,0,1,1,1,1,0,0,0,1,0,0,1,0,0
1024341,7.0,16497,6.0,2009-03-03,0.0,62.0,3,24.0,2.0,10.0,0.0,4256.0,0,1,1,0,1,0,1,1,0,0,0,1,0,0,1,0,0
292117,0.0,14494,7.0,2003-09-07,0.0,139.0,3,12.0,0.0,5.0,0.0,2924.0,0,1,0,1,1,1,0,1,0,0,1,0,0,0,0,0,1
1021246,6.0,12719,8.0,2008-10-29,0.0,83.0,2,19.0,2.0,3.0,0.0,3795.0,0,1,0,0,0,0,1,1,0,0,0,1,0,0,1,0,0
1045814,0.0,11670,1.0,2011-06-01,0.0,44.0,2,5.0,1.0,4.0,0.0,1541.0,0,1,0,0,1,1,1,1,0,0,1,0,0,0,0,0,1
290740,7.0,14068,4.0,2003-07-10,2.0,77.0,2,23.0,0.0,9.0,0.0,3138.0,0,0,0,0,0,0,0,1,0,0,1,0,0,0,0,0,1
298217,3.0,10738,10.0,2004-05-26,0.0,96.0,4,14.0,0.0,1.0,0.0,1640.0,0,1,0,0,1,1,0,1,0,0,0,1,0,0,0,0,1
1036088,2.0,15831,1.0,2010-05-06,2.0,11.0,1,10.0,0.0,1.0,4.0,5022.0,0,1,0,0,0,0,1,1,0,0,0,1,0,0,0,0,1
289941,5.0,11478,21.0,2003-06-05,3.0,79.0,3,38.0,0.0,7.0,0.0,1445.0,0,1,0,1,1,1,0,1,0,0,0,1,0,0,0,0,1
1024150,12.0,13930,8.0,2009-02-24,0.0,125.0,5,23.0,2.0,3.0,0.0,3406.0,0,1,0,0,0,0,1,1,0,0,0,1,0,0,1,0,0
1017489,29.0,14766,27.0,2008-06-19,0.0,154.0,2,65.0,1.0,9.0,0.0,4049.0,0,1,0,0,1,1,1,1,0,0,0,1,0,0,0,0,1
1043768,1.0,11018,2.0,2011-03-06,0.0,63.0,2,4.0,1.0,1.0,0.0,1949.0,0,1,0,0,1,1,1,1,0,0,0,1,0,0,0,0,1
1020491,0.0,22906,2.0,2008-10-02,1.0,19.0,13,9.0,2.0,6.0,0.0,14080.0,0,0,0,1,0,0,1,1,0,0,0,1,0,0,0,0,1
1071328,2.0,11932,1.0,2014-09-02,0.0,30.0,2,5.0,2.0,2.0,0.0,1462.0,0,1,0,0,1,0,1,1,0,0,0,1,0,0,1,0,0
1006391,8.0,11670,13.0,2007-06-08,0.0,36.0,4,27.0,0.0,5.0,0.0,3340.0,0,1,0,0,1,1,0,1,0,0,0,1,0,0,0,0,1
1005142,6.0,13260,1.0,2007-04-23,0.0,23.0,2,15.0,1.0,8.0,0.0,3296.0,0,0,0,0,0,0,0,1,0,0,0,1,0,1,0,0,0
1039714,3.0,17400,9.0,2010-09-10,5.0,49.0,5,26.0,1.0,8.0,0.0,7454.0,0,1,0,1,1,1,1,1,0,0,0,1,0,1,0,0,0
308300,14.0,10476,31.0,2005-09-08,0.0,3.0,4,49.0,0.0,3.0,0.0,2018.0,0,1,0,0,0,0,0,1,0,0,0,1,0,0,0,0,1
1025262,4.0,17258,3.0,2009-04-04,3.0,29.0,2,13.0,3.0,3.0,0.0,5169.0,0,1,1,1,1,0,1,1,0,0,0,1,0,1,0,0,0
311986,5.0,9583,6.0,2006-03-28,1.0,160.0,4,17.0,0.0,5.0,0.0,1429.0,0,1,1,0,1,0,0,1,0,0,0,1,0,0,0,0,1
1042432,9.0,18252,3.0,2011-01-03,0.0,10.0,2,18.0,7.0,6.0,0.0,4691.0,0,1,0,0,1,0,1,1,0,0,1,0,0,1,0,0,0
313719,3.0,13674,1.0,2006-06-21,1.0,5.0,3,8.0,0.0,3.0,0.0,3372.0,0,0,0,0,0,0,0,0,1,0,1,0,0,0,0,0,1
286144,9.0,15613,2.0,2002-12-03,0.0,20.0,1,14.0,0.0,3.0,0.0,5831.0,0,1,0,0,1,0,0,1,0,0,0,1,0,0,1,0,0
296857,1.0,29306,1.0,2004-03-30,0.0,0.0,2,2.0,0.0,0.0,0.0,16170.0,0,1,0,1,1,1,0,1,0,0,0,1,0,0,0,0,1
298173,3.0,11832,6.0,2004-05-25,2.0,33.0,9,18.0,0.0,7.0,0.0,1638.0,0,0,0,0,0,0,0,1,0,0,0,1,0,1,0,0,0
1076843,3.0,15940,1.0,2015-08-24,0.0,8.0,2,13.0,1.0,9.0,0.0,6733.0,0,0,0,1,0,0,1,1,0,0,1,0,0,0,0,0,1
1025541,5.0,10331,6.0,2009-04-15,0.0,231.0,3,15.0,5.0,4.0,0.0,1969.0,0,1,0,0,1,0,1,0,1,0,0,1,0,0,0,0,1
1049146,5.0,14889,8.0,2011-10-08,0.0,69.0,3,14.0,1.0,1.0,0.0,5541.0,0,1,0,0,1,1,1,1,0,0,0,1,0,0,0,0,1
1053725,2.0,11440,4.0,2012-05-02,1.0,195.0,2,11.0,6.0,4.0,0.0,1755.0,0,1,0,0,1,0,1,1,0,0,0,1,0,0,1,0,0
1022665,3.0,9854,6.0,2008-12-24,0.0,63.0,2,10.0,1.0,1.0,0.0,758.0,0,1,0,0,1,1,1,1,0,0,0,1,0,0,0,0,1
299723,4.0,9708,11.0,2004-08-02,0.0,176.0,2,19.0,0.0,4.0,0.0,642.0,0,0,0,0,0,0,0,1,0,0,0,1,0,0,0,0,1
285010,16.0,13436,20.0,2002-10-15,0.0,69.0,2,42.0,0.0,6.0,0.0,1590.0,0,1,0,1,0,0,0,1,0,0,0,1,0,0,0,0,1
1006785,2.0,10762,2.0,2007-06-20,0.0,64.0,3,6.0,4.0,2.0,0.0,898.0,0,1,1,0,1,0,0,1,0,0,0,1,0,0,1,0,0
279096,11.0,18703,0.0,2002-03-17,0.0,7.0,3,21.0,0.0,10.0,0.0,10513.0,0,0,0,0,0,0,0,1,0,0,0,1,0,0,0,0,1
310719,6.0,16453,17.0,2006-01-19,6.0,25.0,2,45.0,0.0,15.0,0.0,5777.0,0,0,0,0,0,0,0,1,0,0,0,1,0,1,0,0,0
1023580,13.0,15738,6.0,2009-02-02,4.0,39.0,2,35.0,2.0,11.0,0.0,6438.0,0,1,0,0,1,0,1,1,0,0,0,1,0,1,0,0,0
298637,6.0,16564,18.0,2004-06-14,0.0,6.0,2,26.0,0.0,1.0,0.0,3120.0,0,1,0,0,1,1,0,1,0,0,1,0,0,0,0,0,1
290110,2.0,12216,5.0,2003-06-13,2.0,70.0,9,12.0,0.0,3.0,0.0,774.0,0,1,1,0,1,0,0,1,0,0,0,1,0,1,0,0,0
280382,4.0,11446,2.0,2002-05-06,3.0,41.0,1,13.0,0.0,4.0,0.0,2433.0,0,1,0,0,0,0,0,1,0,0,0,1,0,0,0,0,1
1070801,3.0,15595,1.0,2014-08-05,0.0,57.0,2,5.0,2.0,0.0,1.0,3060.0,0,1,0,0,1,0,1,1,0,0,0,1,0,0,0,0,1
274741,1.0,19614,2.0,2001-09-14,1.0,3.0,1,8.0,0.0,4.0,0.0,12022.0,0,0,0,0,0,0,0,0,1,0,0,1,0,0,0,0,1
1028056,3.0,11877,6.0,2009-07-09,1.0,119.0,11,14.0,2.0,4.0,0.0,1263.0,0,1,0,0,1,1,1,1,0,0,0,1,0,0,1,0,0
1019121,10.0,10102,7.0,2008-08-15,0.0,176.0,7,25.0,0.0,7.0,0.0,1583.0,0,1,0,0,1,0,1,1,0,0,0,1,0,0,0,0,1
280868,11.0,12195,4.0,2002-05-23,0.0,23.0,3,19.0,0.0,4.0,0.0,1318.0,0,1,0,0,1,1,0,1,0,0,0,1,0,1,0,0,0
272194,30.0,13680,19.0,2001-06-15,10.0,1.0,1,78.0,0.0,18.0,0.0,4189.0,0,1,1,0,1,0,0,1,0,0,0,1,1,0,0,0,0
274306,15.0,20693,2.0,2001-08-28,4.0,11.0,1,59.0,0.0,38.0,0.0,7526.0,0,1,0,0,1,0,0,1,0,0,0,1,0,1,0,0,0
1058632,2.0,12382,1.0,2012-11-26,0.0,49.0,3,6.0,8.0,3.0,0.0,2169.0,0,1,0,0,1,0,1,1,0,0,0,1,0,0,1,0,0
1052270,6.0,14671,7.0,2012-03-02,0.0,182.0,5,19.0,2.0,5.0,0.0,2650.0,0,1,0,0,1,0,1,1,0,0,0,1,0,0,0,0,1
278429,10.0,15753,7.0,2002-02-17,1.0,26.0,1,21.0,0.0,3.0,0.0,5424.0,0,0,0,1,0,0,0,1,0,0,0,1,0,1,0,0,0
1065503,10.0,15624,2.0,2013-10-14,8.0,48.0,1,34.0,2.0,14.0,0.0,5079.0,0,0,0,0,0,0,1,1,0,0,0,1,1,0,0,0,0
285154,2.0,14171,1.0,2002-10-21,1.0,27.0,2,11.0,0.0,7.0,0.0,3988.0,0,0,0,0,0,0,0,1,0,0,0,1,0,0,0,0,1
277823,8.0,9879,11.0,2002-01-22,2.0,18.0,3,36.0,0.0,15.0,0.0,816.0,0,1,0,0,1,1,0,1,0,0,0,1,0,1,0,0,0
1033906,1.0,10638,6.0,2010-02-16,0.0,123.0,2,16.0,1.0,9.0,0.0,1569.0,0,1,0,0,1,1,1,1,0,0,1,0,0,1,0,0,0
1007054,5.0,15151,1.0,2007-06-28,0.0,24.0,2,9.0,2.0,3.0,0.0,1765.0,0,1,1,0,1,0,0,1,0,0,0,1,0,0,0,0,1
1023430,6.0,12080,20.0,2009-01-28,1.0,153.0,3,31.0,7.0,3.0,0.0,2283.0,0,1,1,0,1,0,1,1,0,0,0,1,0,0,0,0,1
1022236,8.0,16038,2.0,2008-12-04,0.0,35.0,6,22.0,6.0,12.0,0.0,5836.0,0,0,0,0,0,0,1,1,0,0,0,1,0,0,0,0,1
1000348,14.0,13429,7.0,2006-10-10,1.0,61.0,1,34.0,4.0,12.0,0.0,4542.0,0,0,0,0,0,0,0,1,0,0,0,1,0,0,0,0,1
1014559,2.0,11747,4.0,2008-02-29,0.0,74.0,12,9.0,2.0,3.0,0.0,1222.0,0,1,0,0,1,1,1,1,0,0,0,1,1,0,0,0,0
1057680,2.0,15257,4.0,2012-10-10,0.0,38.0,3,13.0,1.0,7.0,0.0,5636.0,0,0,0,1,0,0,1,1,0,0,0,1,0,0,1,0,0
292178,8.0,10111,1.0,2003-09-09,0.0,34.0,1,13.0,0.0,4.0,0.0,1322.0,0,0,0,0,0,0,0,1,0,0,0,1,0,0,1,0,0
277510,27.0,13521,14.0,2002-01-08,3.0,15.0,2,59.0,0.0,13.0,0.0,2591.0,0,1,1,0,1,0,0,1,0,0,0,1,0,1,0,0,0
313618,6.0,13313,13.0,2006-06-15,0.0,34.0,2,43.0,0.0,21.0,0.0,2592.0,0,0,0,0,0,0,0,1,0,0,0,1,0,0,0,0,1
279807,23.0,11427,16.0,2002-04-15,4.0,91.0,2,54.0,0.0,9.0,0.0,1715.0,0,1,1,0,1,0,0,1,0,0,0,1,0,0,0,0,1
1059490,0.0,13892,1.0,2013-01-13,0.0,41.0,4,2.0,4.0,1.0,0.0,2239.0,0,1,0,0,1,1,1,1,0,0,0,1,0,0,0,0,1
277986,0.0,11350,1.0,2002-01-29,1.0,3.0,2,5.0,0.0,3.0,0.0,791.0,0,1,0,0,0,0,0,1,0,0,1,0,0,1,0,0,0
1027686,1.0,14421,1.0,2009-06-26,0.0,26.0,14,4.0,8.0,2.0,0.0,2398.0,0,1,0,0,1,1,1,1,0,0,1,0,0,0,1,0,0
1052145,4.0,11377,13.0,2012-02-27,0.0,87.0,2,27.0,2.0,9.0,0.0,2679.0,0,1,0,0,1,1,1,1,0,0,1,0,0,0,0,0,1
284585,4.0,19996,3.0,2002-09-30,0.0,23.0,6,13.0,0.0,6.0,0.0,833.0,0,0,0,1,0,0,0,1,0,0,0,1,0,0,0,0,1
294180,12.0,13631,9.0,2003-12-01,1.0,2.0,2,31.0,0.0,9.0,0.0,2064.0,0,0,0,0,0,0,0,1,0,0,0,1,0,0,0,0,1
1052456,10.0,11024,11.0,2012-03-09,0.0,91.0,6,29.0,2.0,7.0,0.0,2173.0,0,1,0,0,1,1,1,1,0,0,1,0,0,0,0,0,1
287092,0.0,14261,3.0,2003-01-17,2.0,10.0,1,7.0,0.0,2.0,0.0,4370.0,0,1,0,0,0,0,0,0,1,0,0,1,0,1,0,0,0
1019656,8.0,17778,5.0,2008-09-03,2.0,23.0,1,23.0,3.0,8.0,0.0,4293.0,0,0,0,0,0,0,1,1,0,0,1,0,0,1,0,0,0
1034682,0.0,22351,0.0,2010-03-17,0.0,11.0,1,7.0,3.0,6.0,0.0,12199.0,0,0,0,0,0,0,1,0,1,0,0,1,0,0,0,0,1
1055944,0.0,14456,1.0,2012-07-31,1.0,41.0,2,5.0,2.0,3.0,0.0,2766.0,0,1,0,0,1,1,1,1,0,0,0,1,0,0,0,0,1
1026518,17.0,14018,10.0,2009-05-19,6.0,36.0,1,55.0,2.0,17.0,0.0,4690.0,0,1,0,1,0,0,1,1,0,0,0,1,0,0,0,0,1
282358,19.0,14074,5.0,2002-07-14,1.0,25.0,2,40.0,0.0,14.0,0.0,3506.0,0,0,0,0,0,0,0,1,0,0,0,1,0,1,0,0,0
284722,16.0,10502,24.0,2002-10-04,2.0,89.0,1,50.0,0.0,7.0,0.0,1095.0,0,1,0,0,1,1,0,1,0,0,0,1,0,0,1,0,0
1038816,7.0,11523,5.0,2010-08-10,0.0,159.0,1,14.0,2.0,2.0,0.0,813.0,0,1,1,0,1,0,1,1,0,0,0,1,0,0,0,0,1
1000043,10.0,10131,5.0,2006-09-27,0.0,100.0,6,26.0,2.0,11.0,0.0,702.0,0,0,0,0,0,0,0,1,0,0,1,0,0,0,0,0,1
1067357,11.0,14280,11.0,2014-02-06,3.0,214.0,1,32.0,5.0,7.0,0.0,4895.0,0,1,0,0,1,0,1,1,0,0,0,1,0,0,0,0,1
307207,8.0,11884,2.0,2005-07-21,0.0,5.0,2,15.0,0.0,4.0,0.0,2000.0,0,0,0,0,0,0,0,1,0,0,0,1,0,0,0,0,1
1031436,4.0,14181,10.0,2009-10-30,0.0,119.0,2,23.0,1.0,9.0,0.0,2257.0,0,1,0,0,1,1,1,1,0,0,0,1,0,0,1,0,0
1062162,6.0,16567,6.0,2013-05-13,0.0,106.0,2,19.0,2.0,7.0,0.0,4912.0,0,0,0,0,0,0,1,1,0,0,0,1,0,0,0,0,1
294613,5.0,9849,8.0,2003-12-20,0.0,72.0,6,14.0,0.0,1.0,0.0,1097.0,0,1,0,0,0,0,0,1,0,0,0,1,0,0,0,0,1
289446,2.0,10725,8.0,2003-05-15,0.0,113.0,2,12.0,0.0,2.0,0.0,1276.0,0,1,1,0,1,0,0,1,0,0,0,1,0,0,0,0,1
290740,0.0,13703,2.0,2003-07-10,0.0,13.0,2,7.0,0.0,5.0,0.0,709.0,0,0,0,0,0,0,0,1,0,0,1,0,0,0,0,0,1
276839,22.0,17814,6.0,2001-12-06,1.0,14.0,1,47.0,0.0,18.0,0.0,4062.0,0,0,0,0,0,0,0,1,0,0,0,1,0,1,0,0,0
1015043,7.0,11723,5.0,2008-03-18,0.0,58.0,8,18.0,0.0,4.0,0.0,2799.0,0,1,0,1,1,0,1,1,0,0,0,1,0,0,0,0,1
296038,4.0,12836,16.0,2004-02-23,1.0,13.0,9,29.0,0.0,6.0,1.0,2422.0,0,1,0,0,1,1,0,1,0,0,0,1,0,0,0,0,1
1020387,1.0,11228,2.0,2008-09-28,0.0,72.0,2,7.0,1.0,4.0,0.0,762.0,0,1,0,0,0,0,1,1,0,0,0,1,0,0,0,0,1
294542,3.0,10942,6.0,2003-12-17,0.0,52.0,1,11.0,0.0,2.0,0.0,842.0,0,1,0,0,1,1,0,1,0,0,0,1,0,0,0,0,1
279560,2.0,16896,2.0,2002-04-05,1.0,14.0,2,13.0,0.0,8.0,0.0,3406.0,0,1,1,0,1,0,0,1,0,0,1,0,0,0,0,0,1
313281,4.0,15124,8.0,2006-05-31,2.0,34.0,3,18.0,0.0,4.0,0.0,1989.0,0,1,0,0,1,1,0,1,0,0,0,1,0,1,0,0,0
1015214,8.0,10888,12.0,2008-03-25,0.0,211.0,2,26.0,0.0,6.0,0.0,2501.0,0,1,0,0,1,1,1,1,0,0,0,1,0,0,0,0,1
1055646,1.0,11152,5.0,2012-07-18,1.0,90.0,11,9.0,2.0,2.0,0.0,2448.0,0,1,0,0,1,1,1,1,0,0,0,1,0,0,0,0,1
1054969,10.0,14417,24.0,2012-06-22,2.0,85.0,2,42.0,6.0,6.0,0.0,4106.0,0,1,0,0,1,1,1,1,0,0,0,1,0,0,0,0,1
289517,4.0,17668,0.0,2003-05-18,0.0,20.0,2,10.0,0.0,6.0,0.0,5878.0,0,1,0,0,1,0,0,1,0,0,0,1,0,0,0,0,1
283105,3.0,12638,8.0,2002-08-08,1.0,37.0,2,22.0,0.0,10.0,0.0,598.0,0,0,0,0,0,0,0,1,0,0,0,1,0,1,0,0,0
1016154,1.0,15922,3.0,2008-04-30,0.0,22.0,2,12.0,0.0,8.0,0.0,2197.0,0,1,0,0,1,1,1,1,0,0,0,1,0,0,0,0,1
1027779,0.0,10769,10.0,2009-06-29,0.0,58.0,2,16.0,1.0,6.0,0.0,1131.0,0,1,0,0,1,0,1,1,0,0,0,1,0,1,0,0,0
306268,2.0,11851,1.0,2005-06-13,0.0,51.0,2,10.0,0.0,7.0,0.0,924.0,0,0,0,0,0,0,0,1,0,0,0,1,0,0,0,0,1
1033496,2.0,13176,10.0,2010-01-28,0.0,78.0,3,12.0,6.0,0.0,0.0,2677.0,0,1,1,0,1,0,1,1,0,0,0,1,0,0,0,0,1
277791,28.0,13891,4.0,2002-01-21,6.0,13.0,1,62.0,0.0,24.0,0.0,4400.0,0,0,0,0,0,0,0,1,0,0,1,0,0,1,0,0,0
310919,0.0,20483,1.0,2006-01-30,0.0,7.0,1,6.0,0.0,5.0,0.0,12005.0,0,0,0,1,0,0,0,0,1,0,0,1,0,0,0,0,1
1006193,24.0,13944,24.0,2007-06-01,7.0,28.0,5,82.0,0.0,25.0,0.0,4956.0,0,0,0,1,0,0,0,1,0,0,0,1,0,1,0,0,0
1039828,1.0,11579,1.0,2010-09-15,0.0,33.0,3,3.0,3.0,1.0,0.0,2178.0,0,0,0,0,0,0,1,1,0,0,1,0,0,0,0,0,1
1055154,4.0,10986,4.0,2012-06-29,1.0,131.0,2,10.0,3.0,1.0,0.0,2100.0,0,1,1,0,1,0,1,1,0,0,0,1,0,0,0,0,1
278531,3.0,12104,3.0,2002-02-21,1.0,28.0,4,9.0,0.0,2.0,0.0,528.0,0,1,0,0,1,1,0,1,0,0,0,1,0,1,0,0,0
1067392,0.0,13551,24.0,2014-02-07,2.0,100.0,1,41.0,2.0,11.0,1.0,4029.0,0,1,0,0,0,0,1,0,1,0,0,1,0,1,0,0,0
1005980,21.0,17674,9.0,2007-05-24,0.0,44.0,4,61.0,1.0,30.0,0.0,5929.0,0,0,0,1,0,0,0,1,0,0,0,1,0,1,0,0,0
1009720,5.0,15977,13.0,2007-09-30,2.0,22.0,1,24.0,2.0,4.0,0.0,5479.0,0,1,0,0,0,0,1,1,0,0,0,1,0,1,0,0,0
1020547,11.0,11599,7.0,2008-10-04,0.0,56.0,2,27.0,14.0,8.0,0.0,2973.0,0,1,1,0,1,0,1,1,0,0,0,1,0,0,1,0,0
1036536,3.0,11465,4.0,2010-05-23,0.0,84.0,3,8.0,6.0,1.0,0.0,2309.0,0,1,0,0,1,0,1,1,0,0,0,1,0,1,0,0,0
1064092,11.0,14827,12.0,2013-08-07,0.0,106.0,6,25.0,2.0,2.0,0.0,3753.0,0,1,0,0,1,1,1,1,0,0,0,1,0,0,1,0,0
1044846,2.0,17270,3.0,2011-04-20,0.0,14.0,3,15.0,0.0,10.0,0.0,8094.0,0,0,0,1,0,0,1,1,0,0,0,1,0,0,0,0,1
281248,33.0,19148,7.0,2002-06-05,7.0,11.0,1,67.0,0.0,19.0,0.0,6302.0,0,1,0,0,1,0,0,1,0,0,0,1,0,1,0,0,0
287877,5.0,11012,12.0,2003-02-27,0.0,96.0,2,26.0,0.0,5.0,0.0,1702.0,0,1,0,1,0,0,0,1,0,0,0,1,1,0,0,0,0
1052451,4.0,14310,0.0,2012-03-09,1.0,26.0,2,10.0,2.0,4.0,0.0,6120.0,0,0,0,0,0,0,1,1,0,0,0,1,0,0,0,0,1
279801,8.0,13618,11.0,2002-04-15,2.0,46.0,2,29.0,0.0,7.0,0.0,4808.0,0,1,1,0,1,0,0,1,0,0,0,1,0,0,0,0,1
1055413,4.0,18450,0.0,2012-07-10,2.0,31.0,2,20.0,1.0,14.0,0.0,5003.0,0,0,0,0,0,0,1,1,0,0,0,1,0,1,0,0,0
278363,0.0,22324,1.0,2002-02-14,0.0,13.0,1,4.0,0.0,3.0,0.0,11083.0,0,0,0,0,0,0,0,1,0,0,0,1,0,0,0,0,1
1018875,27.0,18657,14.0,2008-08-07,7.0,70.0,1,55.0,0.0,5.0,0.0,7745.0,0,1,0,1,1,1,1,1,0,0,0,1,1,0,0,0,0
1028027,4.0,10413,1.0,2009-07-08,0.0,23.0,2,7.0,3.0,2.0,0.0,931.0,0,1,1,0,1,0,1,1,0,0,1,0,0,1,0,0,0
1028895,14.0,15192,3.0,2009-08-05,4.0,18.0,1,31.0,3.0,9.0,0.0,6470.0,0,1,0,0,1,0,1,1,0,0,0,1,0,1,0,0,0
1013893,1.0,18294,2.0,2008-02-04,0.0,14.0,3,4.0,1.0,1.0,0.0,6100.0,0,1,0,0,1,1,1,1,0,0,0,1,0,1,0,0,0
283997,3.0,11573,3.0,2002-09-09,0.0,56.0,4,9.0,0.0,3.0,0.0,1217.0,0,0,0,0,0,0,0,1,0,0,0,1,0,0,0,0,1
1042774,9.0,12069,17.0,2011-01-17,0.0,114.0,2,32.0,2.0,5.0,0.0,2702.0,0,1,0,0,1,1,1,1,0,0,0,1,0,1,0,0,0
275122,4.0,13054,0.0,2001-09-28,1.0,19.0,2,10.0,0.0,5.0,0.0,669.0,0,0,0,0,0,0,0,1,0,0,0,1,1,0,0,0,0
285881,6.0,10545,2.0,2002-11-20,0.0,3.0,2,18.0,0.0,10.0,0.0,1222.0,0,0,0,0,0,0,0,1,0,0,0,1,0,1,0,0,0
306487,19.0,13323,4.0,2005-06-24,3.0,85.0,5,42.0,0.0,16.0,0.0,4967.0,0,1,1,1,1,0,0,1,0,0,0,1,0,0,0,0,1
268875,1.0,23406,0.0,2001-01-31,0.0,3.0,1,3.0,0.0,2.0,0.0,14471.0,0,0,0,0,0,0,0,0,1,0,0,1,0,0,0,0,1
286893,9.0,14252,2.0,2003-01-08,0.0,89.0,1,16.0,0.0,5.0,0.0,3019.0,0,1,0,0,1,0,0,1,0,0,0,1,0,0,0,0,1
1030819,3.0,10141,9.0,2009-10-08,0.0,118.0,2,15.0,2.0,3.0,0.0,1290.0,0,1,1,0,1,0,1,1,0,0,0,1,0,0,0,0,1
1009800,8.0,17075,2.0,2007-10-02,1.0,44.0,2,22.0,5.0,11.0,0.0,4837.0,0,1,0,1,0,0,1,0,1,0,0,1,0,1,0,0,0
1019264,15.0,15570,31.0,2008-08-20,1.0,178.0,3,52.0,2.0,5.0,0.0,4942.0,0,1,0,1,1,1,1,1,0,0,0,1,0,0,1,0,0
1008835,23.0,13388,24.0,2007-08-29,0.0,125.0,9,67.0,2.0,20.0,0.0,3347.0,0,1,1,0,1,0,1,1,0,0,0,1,0,0,0,0,1
1062402,3.0,11072,1.0,2013-05-22,0.0,71.0,2,6.0,1.0,2.0,0.0,2215.0,0,1,0,0,0,0,1,1,0,0,0,1,0,0,1,0,0
1027783,8.0,13693,4.0,2009-06-29,0.0,67.0,2,15.0,4.0,3.0,0.0,1223.0,0,0,0,1,0,0,1,1,0,0,0,1,0,0,0,0,1
291346,2.0,12215,7.0,2003-08-04,0.0,56.0,1,12.0,0.0,3.0,0.0,2229.0,0,0,0,1,0,0,0,0,1,0,0,1,0,0,0,0,1
282690,15.0,17371,2.0,2002-07-25,2.0,36.0,1,37.0,0.0,18.0,0.0,5763.0,0,1,0,0,1,0,0,1,0,0,0,1,0,1,0,0,0
1037189,1.0,13676,3.0,2010-06-14,0.0,41.0,1,15.0,1.0,11.0,0.0,3792.0,0,1,0,1,0,0,1,1,0,0,0,1,0,1,0,0,0
1074532,0.0,10320,1.0,2015-04-04,0.0,10.0,4,1.0,1.0,0.0,0.0,222.0,0,1,0,0,1,1,1,1,0,0,1,0,0,0,1,0,0
289387,8.0,11454,2.0,2003-05-12,0.0,59.0,6,14.0,0.0,3.0,0.0,2611.0,0,1,0,0,1,1,0,1,0,0,0,1,0,0,0,0,1
268528,7.0,9512,29.0,2001-01-16,2.0,96.0,4,47.0,0.0,9.0,0.0,575.0,0,1,0,1,0,0,0,1,0,0,0,1,0,0,0,0,1
1020605,2.0,10500,0.0,2008-10-07,0.0,34.0,2,3.0,2.0,1.0,0.0,1772.0,0,1,0,0,1,0,1,1,0,0,1,0,0,0,0,0,1
1008970,9.0,16679,9.0,2007-09-04,1.0,41.0,1,26.0,3.0,6.0,0.0,3456.0,0,1,0,0,1,1,1,1,0,0,0,1,0,1,0,0,0
279687,12.0,14709,3.0,2002-04-10,5.0,3.0,1,23.0,0.0,3.0,0.0,2683.0,0,1,1,0,1,0,0,1,0,0,0,1,0,1,0,0,0
1022750,2.0,12572,4.0,2008-12-30,1.0,21.0,2,8.0,0.0,1.0,0.0,1317.0,0,1,0,0,1,1,1,1,0,0,1,0,0,0,1,0,0
1038839,7.0,11543,13.0,2010-08-11,0.0,323.0,3,25.0,2.0,5.0,0.0,3059.0,0,1,0,1,1,1,1,1,0,0,0,1,0,0,0,0,1
